﻿Company_Name,Industry,MacroEconomicSector,FR_Year_End,FH_FCF,PL_NetSales,PL_PAT,FR_FCF_Per_Share,FR_CEPS_Rs,FR_Adj_DPS_Rs,FR_Adjusted_Book_Value_Rs,FR_Fixed_Capital_Sales,FR_Receivable_days,FR_Inventory_Days,FR_Payable_days,NDP_Volume,NDP_Mcap,NDP_Close,Momentum,Credit_Rated,StockSplit,Target_growth
Axis Bank Ltd.,BANKS,FINANCIAL SERVICES,2019,25050.4,54985.77,4676.61,97.41,20.95,1,259.27,0,0,0,0,9174.35,211801.25,808.55,Strong Positive,IND AAA,0,1
Axis Bank Ltd.,BANKS,FINANCIAL SERVICES,2018,-60126.95,45780.31,275.68,-234.27,3.29,0,247.2,0,0,0,0,7747.44,131170.41,510.8,Negative,CARE AAA,0,0
Axis Bank Ltd.,BANKS,FINANCIAL SERVICES,2017,24488.63,44542.16,3679.28,102.25,17.49,5,232.83,0,0,0,0,7600.01,124009.5,517.35,Strong Negative,AA+(hyb),0,0
Axis Bank Ltd.,BANKS,FINANCIAL SERVICES,2016,-24240.62,40988.04,8223.66,-101.73,36.38,5,223.12,0,0,0,0,10912.4,127361.24,533.5,Negative,AAA,0,0
Axis Bank Ltd.,BANKS,FINANCIAL SERVICES,2015,-19257.43,35478.6,7357.82,-81.24,32.75,4.6,188.47,0,0,0,0,5479.84,132767.19,558.95,Positive,AAA(hyb),0,0
Axis Bank Ltd.,BANKS,FINANCIAL SERVICES,2014,14228.74,30641.16,6217.67,302.84,28.02,4,162.69,0,0,0,0,977.48,90448.83,383.77,Strong Positive,AAA,1,1
Axis Bank Ltd.,BANKS,FINANCIAL SERVICES,2013,681.03,27182.57,5179.43,14.55,23.64,3.6,141.5,0,0,0,0,1450.19,62132.47,265.04,Positive,AAA,0,0
Axis Bank Ltd.,BANKS,FINANCIAL SERVICES,2012,-11107.46,21994.65,4242.21,-268.81,22.19,3.2,110.4,0,0,0,0,3319.31,42081.6,203.15,Negative,AAA,0,1
Axis Bank Ltd.,BANKS,FINANCIAL SERVICES,2011,8899.29,15154.81,3388.49,216.77,17.92,2.8,92.55,0,0,0,0,1511.5,53114.09,257.91,Strong Positive,A1+,0,1
Axis Bank Ltd.,BANKS,FINANCIAL SERVICES,2010,-1506.68,11638.02,2514.53,-37.19,13.57,2.4,79.2,0,0,0,0,1430.78,50620.65,248.48,Strong Positive,A1+(SO),0,1
Axis Bank Ltd.,BANKS,FINANCIAL SERVICES,2009,9259.13,10835.49,1815.36,257.91,11.16,2,56.9,0,0,0,0,5084.11,29941.34,166.45,,CARE AAA,0,1
Bajaj Finance Ltd.,FINANCE,FINANCIAL SERVICES,2019,-17333.32,17383.97,3890.34,-300.48,69.82,6,336.76,0.05,16.07,0,104.05,1200.04,213464.85,3681.1,Strong Positive,CRISIL AAA,0,1
Bajaj Finance Ltd.,FINANCE,FINANCIAL SERVICES,2018,-18488.1,12652.84,2484.51,-321.45,44.97,4,273.58,0.05,18.43,0,83.69,1378.42,132721.77,2296.35,Strong Positive,CRISIL AAA,0,1
Bajaj Finance Ltd.,FINANCE,FINANCIAL SERVICES,2017,3434.87,9963.02,1836.55,62.81,34.89,3.6,175.56,0.05,0,0,57.55,496.26,75505.41,1373.1,Strong Positive,CRISIL AAA,0,1
Bajaj Finance Ltd.,FINANCE,FINANCIAL SERVICES,2016,1810.45,7293.54,1278.52,338.09,24.93,5,136.78,0.05,0,0,73.43,134.1,43079.97,799.67,Strong Positive,AA+,1,1
Bajaj Finance Ltd.,FINANCE,FINANCIAL SERVICES,2015,846.33,5381.8,897.87,169.27,18.67,3.6,95.99,0.06,0,0,78.98,28.56,29194.46,544.34,Strong Positive,AA+,0,1
Bajaj Finance Ltd.,FINANCE,FINANCIAL SERVICES,2014,89.58,4032.44,719.01,18.01,15.04,3.2,80.22,0.07,0,0,77.07,16.54,10061.31,200.66,Positive,MAAA,0,0
Bajaj Finance Ltd.,FINANCE,FINANCIAL SERVICES,2013,998.73,3092.01,591.31,201.6,12.33,3,67.66,0.07,0,0,94.62,39.05,6893.05,138.47,Positive,AA+,0,1
Bajaj Finance Ltd.,FINANCE,FINANCIAL SERVICES,2012,426.34,2163.02,406.44,103.18,9.83,2.4,47.31,0.08,0,0,112.9,9.97,3770.16,88.65,Strong Positive,AA+,0,1
Bajaj Finance Ltd.,FINANCE,FINANCIAL SERVICES,2011,-2888.66,1392.33,246.96,-788.6,6.81,2,36.02,0.09,0,0,114.91,11.01,2234.01,59.26,Positive,AA+,0,1
Bajaj Finance Ltd.,FINANCE,FINANCIAL SERVICES,2010,-1658.87,910.06,89.41,-453.24,2.58,1.2,30.59,0.08,0,0,132.07,36.85,1737.58,46.13,Strong Positive,AA+/Stable,0,1
Bajaj Finance Ltd.,FINANCE,FINANCIAL SERVICES,2009,-419.86,594.81,33.91,-114.73,1.05,0.4,28.9,0.09,0,0,176.42,1.98,560.47,14.88,,AA+,0,1
Bajaj Finserv Ltd.,FINANCE,FINANCIAL SERVICES,2019,264.71,423.05,307.17,16.63,19.4,2.5,198.43,0.83,1.83,0,9.21,224.28,135657.96,8524.65,Strong Positive,None,0,1
Bajaj Finserv Ltd.,FINANCE,FINANCIAL SERVICES,2018,143.52,241.9,141.62,9.02,8.98,1.75,180.96,1.44,3.46,0,7.67,153.57,92634.13,5821.1,Positive,None,0,1
Bajaj Finserv Ltd.,FINANCE,FINANCIAL SERVICES,2017,61.11,153.9,70.02,3.84,4.49,1.75,173.81,2.29,10.46,0,11.06,86.71,65541.61,4118.7,Positive,None,0,0
Bajaj Finserv Ltd.,FINANCE,FINANCIAL SERVICES,2016,145.91,242.32,163.13,9.17,10.34,1.75,169.41,1.47,8.98,0,15.25,299.83,36943.96,2321.6,Strong Positive,None,0,1
Bajaj Finserv Ltd.,FINANCE,FINANCIAL SERVICES,2015,123.05,200.24,125.93,7.73,8.07,1.75,160.9,1.76,4.05,0,13.06,15.79,24379.57,1532.1,Positive,None,0,1
Bajaj Finserv Ltd.,FINANCE,FINANCIAL SERVICES,2014,105.65,144.49,83.39,6.64,5.32,1.75,154.79,2.4,2.94,0,13.02,42.21,14873.96,934.75,Strong Positive,None,0,1
Bajaj Finserv Ltd.,FINANCE,FINANCIAL SERVICES,2013,12.9,144.23,50.84,0.81,3.28,1.5,151.3,2.4,4.52,0,15.88,129.67,10223.61,642.5,Strong Negative,None,0,0
Bajaj Finserv Ltd.,FINANCE,FINANCIAL SERVICES,2012,205.35,140.55,76.57,14.19,5.31,1.5,98.14,2.46,4.21,0,31.52,110.88,9901.42,672.35,Strong Positive,None,0,0
Bajaj Finserv Ltd.,FINANCE,FINANCIAL SERVICES,2011,289.12,120.34,188.34,19.98,13.47,1.25,94.41,2.89,3.23,0,37.13,135.25,7440.35,505.23,Positive,None,0,1
Bajaj Finserv Ltd.,FINANCE,FINANCIAL SERVICES,2010,25.3,127.1,33.98,1.75,3.8,1,82.73,2.61,5.34,0,17.58,287.75,6324.84,437.15,Positive,A1+,0,0
Bajaj Finserv Ltd.,FINANCE,FINANCIAL SERVICES,2009,23.52,112.63,41.36,1.63,4.83,1,81.88,2.78,9.37,0,11.63,6.62,5726.57,395.8,,None,0,0
Bajaj Holdings & Investment Ltd.,FINANCE,FINANCIAL SERVICES,2019,623.07,998.71,788.19,55.99,71.19,32.5,987.46,0.05,0,0,6.85,25.18,40046.19,3598.25,Strong Positive,None,0,0
Bajaj Holdings & Investment Ltd.,FINANCE,FINANCIAL SERVICES,2018,1792.52,949.09,799.93,161.07,72.35,40,918.48,0.1,0,0,6.27,18.58,32079.24,2882.4,Strong Positive,None,0,1
Bajaj Holdings & Investment Ltd.,FINANCE,FINANCIAL SERVICES,2017,-472.74,880.49,538.18,-42.48,48.83,32.5,659.2,0.11,0,0,7.63,11.04,23514.65,2112.85,Strong Positive,None,0,0
Bajaj Holdings & Investment Ltd.,FINANCE,FINANCIAL SERVICES,2016,1265.67,1394.51,1270.51,113.73,114.64,32.5,610.84,0.07,0,0,11.7,30.85,18532.04,1665.15,Strong Positive,None,0,1
Bajaj Holdings & Investment Ltd.,FINANCE,FINANCIAL SERVICES,2015,920.21,972.22,867.73,82.69,77.99,32.5,535.8,0.1,0,0,33.84,15.35,16243.84,1459.55,Strong Positive,None,0,0
Bajaj Holdings & Investment Ltd.,FINANCE,FINANCIAL SERVICES,2014,969.54,801.95,733.35,87.12,65.91,30,496.87,0.12,0,0,20.05,8.32,14148.19,1271.25,Strong Positive,None,0,0
Bajaj Holdings & Investment Ltd.,FINANCE,FINANCIAL SERVICES,2013,471.61,752.28,663.33,42.38,59.62,25,466.06,0.13,0,0,25.05,239.85,8953.01,804.45,Positive,None,0,0
Bajaj Holdings & Investment Ltd.,FINANCE,FINANCIAL SERVICES,2012,394.65,647.93,567.46,35.46,51.01,25,435.66,0.16,0,0,71.48,5.8,8690.35,780.85,Positive,None,0,0
Bajaj Holdings & Investment Ltd.,FINANCE,FINANCIAL SERVICES,2011,412.84,1074.56,1000.09,37.1,89.88,35,413.62,0.1,0,0,288.75,85.97,8072.67,725.35,Positive,None,0,1
Bajaj Holdings & Investment Ltd.,FINANCE,FINANCIAL SERVICES,2010,1617.35,812.13,771.33,152.52,72.76,30,360.21,0.13,0,0,511,182.41,7436.76,701.3,Strong Positive,None,0,1
Bajaj Holdings & Investment Ltd.,FINANCE,FINANCIAL SERVICES,2009,115.02,221.56,174.77,11.37,17.29,10,316.88,0.46,0,0,0,342.46,3706.35,366.3,,None,0,0
Bank Of Baroda,BANKS,FINANCIAL SERVICES,2019,-16668.44,49974.11,433.52,-63.01,5.08,0,173.65,0,0,0,0,36026.82,46776.2,121.6,Positive,CGR2,0,1
Bank Of Baroda,BANKS,FINANCIAL SERVICES,2018,-78293.55,43648.54,-2431.81,-295.95,-5.93,0,164.03,0,0,0,0,14274.24,29801.74,112.65,Strong Negative,IND A1+,0,0
Bank Of Baroda,BANKS,FINANCIAL SERVICES,2017,4455.2,42199.93,1383.14,19.34,8.22,1.2,174.91,0,0,0,0,13722.69,37246.74,161.65,Positive,AAA,0,1
Bank Of Baroda,BANKS,FINANCIAL SERVICES,2016,-30693.62,44061.28,-5395.54,-133.21,-21.24,0,156.55,0,0,0,0,6302.7,35472.54,153.95,Positive,CARE AAA,0,0
Bank Of Baroda,BANKS,FINANCIAL SERVICES,2015,12531,42963.56,3398.44,56.66,16.91,3.2,175.66,0,0,0,0,4426.22,31878.71,144.15,Strong Negative,AAA,1,0
Bank Of Baroda,BANKS,FINANCIAL SERVICES,2014,36986.79,38939.71,4541.08,861.33,22.76,4.3,162.69,0,0,0,0,1331.28,37636.09,175.29,Strong Positive,AAA,0,0
Bank Of Baroda,BANKS,FINANCIAL SERVICES,2013,18595.8,35196.65,4480.72,441.44,22.7,4.3,146.53,0,0,0,0,981.57,24186.43,114.83,Strong Negative,CARE AAA,0,0
Bank Of Baroda,BANKS,FINANCIAL SERVICES,2012,11206,29673.72,5006.96,272.57,25.7,3.4,127.95,0,0,0,0,377.41,30131.23,146.58,Negative,AAA,0,0
Bank Of Baroda,BANKS,FINANCIAL SERVICES,2011,9294.14,21885.92,4241.68,237.37,22.91,3.3,101.14,0,0,0,0,194.63,34195.68,174.67,Strong Positive,A1+,0,1
Bank Of Baroda,BANKS,FINANCIAL SERVICES,2010,10010.61,16698.34,3058.33,274.82,18.06,3,82.93,0,0,0,0,701.07,25566.04,140.37,Positive,AAA,0,1
Bank Of Baroda,BANKS,FINANCIAL SERVICES,2009,-272.23,15091.58,2227.2,-7.47,13.49,1.8,70.71,0,0,0,0,765.84,16226.25,89.09,,AAA,0,1
Bank Of India,BANKS,FINANCIAL SERVICES,2019,-20624.34,40767.81,-5546.9,-74.75,-18.77,0,128.32,0,0,0,0,15393.52,29541.46,90.15,Positive,Withdrawn,0,1
Bank Of India,BANKS,FINANCIAL SERVICES,2018,-19798.22,38071.41,-6043.71,-113.59,-31.69,0,172.07,0,0,0,0,6714.59,15251.06,87.5,Strong Negative,CARE AA-,0,0
Bank Of India,BANKS,FINANCIAL SERVICES,2017,-21121.32,39290.85,-1558.31,-200.26,-14.89,0,237.77,0,0,0,0,3554.11,14978.57,139.7,Positive,CRISIL A+,0,1
Bank Of India,BANKS,FINANCIAL SERVICES,2016,8332.55,41796.47,-6089.21,102.05,-71.07,0,306.24,0,0,0,0,3488.17,9457.1,101.25,Negative,AA,0,0
Bank Of India,BANKS,FINANCIAL SERVICES,2015,3185.48,43464.71,1708.92,47.91,29.99,5,419.47,0,0,0,0,2356.81,11396.53,171.4,Strong Negative,CARE AAA,0,0
Bank Of India,BANKS,FINANCIAL SERVICES,2014,-716.75,37910.1,2729.27,-11.16,46.04,5,407.62,0,0,0,0,5674.94,19367.44,301.55,Positive,AAA,0,0
Bank Of India,BANKS,FINANCIAL SERVICES,2013,16510.43,31908.93,2749.35,277.07,49.22,10,381.53,0,0,0,0,1228.82,13848.77,232.4,Strong Negative,AAA,0,0
Bank Of India,BANKS,FINANCIAL SERVICES,2012,-6231.51,28480.67,2677.52,-108.6,49.57,7,343.78,0,0,0,0,969.84,19913.05,347.05,Negative,AAA,0,0
Bank Of India,BANKS,FINANCIAL SERVICES,2011,2952.63,21751.72,2488.71,54.03,48.11,7,292.24,0,0,0,0,1181.36,22613.36,413.8,Positive,A1+,0,1
Bank Of India,BANKS,FINANCIAL SERVICES,2010,5611.81,17877.99,1741.07,106.86,35.08,7,243.74,0,0,0,0,613.53,18354.88,349.5,Negative,AAA,0,0
Bank Of India,BANKS,FINANCIAL SERVICES,2009,2597.24,16347.36,3007.35,49.45,58.58,8,224.38,0,0,0,0,2198.75,18520.31,352.65,,AAA,0,1
Bank Of Maharashtra,BANKS,FINANCIAL SERVICES,2019,-18220.42,10849.6,-4783.88,-66.18,-16.5,0,15.86,0,0,0,0,1093.38,9172.97,15.75,Strong Positive,ICRA A+(hyb),0,0
Bank Of Maharashtra,BANKS,FINANCIAL SERVICES,2018,-5435.71,11096.41,-1145.65,-20.92,-3.91,0,33.92,0,0,0,0,585.43,3248.07,12.5,Strong Negative,CARE A+,0,1
Bank Of Maharashtra,BANKS,FINANCIAL SERVICES,2017,4147.04,12061.96,-1372.51,35.5,-10.74,0,52.84,0,0,0,0,67.28,3288.86,28.15,Strong Negative,ICRA AA-,0,0
Bank Of Maharashtra,BANKS,FINANCIAL SERVICES,2016,463.35,13052.99,100.69,3.97,2.14,0,64.12,0,0,0,0,160.76,3814.61,32.65,Negative,CARE AA,0,0
Bank Of Maharashtra,BANKS,FINANCIAL SERVICES,2015,-2976.39,12665.44,450.69,-28,5.32,0.8,66.32,0,0,0,0,223.23,3827.46,36,Strong Negative,AA+,0,0
Bank Of Maharashtra,BANKS,FINANCIAL SERVICES,2014,-1751.73,11956.66,385.97,-20.88,5.79,1,68.1,0,0,0,0,1548.16,4333.93,51.65,Negative,AA+,0,0
Bank Of Maharashtra,BANKS,FINANCIAL SERVICES,2013,-1522.11,9613.43,759.52,-23.01,12.6,2.3,70.88,0,0,0,0,211.85,3476.06,52.55,Positive,CARE AA+,0,1
Bank Of Maharashtra,BANKS,FINANCIAL SERVICES,2012,570.49,7213.96,430.83,9.68,8.42,2.2,63.77,0,0,0,0,235.07,2915.53,49.45,Strong Negative,AA,0,0
Bank Of Maharashtra,BANKS,FINANCIAL SERVICES,2011,-3583.9,5563.09,330.39,-74.4,8.27,2,61.02,0,0,0,0,111.25,2716.86,56.4,Strong Negative,AA/Stable,0,0
Bank Of Maharashtra,BANKS,FINANCIAL SERVICES,2010,1992.28,4735.56,439.58,46.28,11.95,2,55.84,0,0,0,0,389.63,2565.9,59.6,Strong Positive,AA,0,0
Bank Of Maharashtra,BANKS,FINANCIAL SERVICES,2009,-117.29,4291.56,375.17,-2.72,10.47,1.5,47.97,0,0,0,0,490.7,1724.23,40.05,,CARE AA,0,0
Can Fin Homes Ltd.,FINANCE,FINANCIAL SERVICES,2019,-2549.38,1726.95,296.74,-191.46,22.51,2,133.84,0.02,0.04,0,27.56,773.39,4746.28,356.45,Strong Positive,ICRA AA+,0,0
Can Fin Homes Ltd.,FINANCE,FINANCIAL SERVICES,2018,-2274.88,1517.85,286.19,-170.85,21.73,2,111.67,0.02,0.05,0,27.77,575.71,4526.57,339.95,Strong Negative,CARE AAA,0,0
Can Fin Homes Ltd.,FINANCE,FINANCIAL SERVICES,2017,-2398.18,1353.06,235.26,-900.89,17.96,2,80.86,0.02,0,0,6.35,174.85,8605.13,646.51,Strong Positive,CARE AAA,1,1
Can Fin Homes Ltd.,FINANCE,FINANCIAL SERVICES,2016,334.86,1082.93,157.11,125.79,12.06,2,65.97,0.02,0,0,0,73.94,3253.66,244.45,Strong Positive,AAA,0,1
Can Fin Homes Ltd.,FINANCE,FINANCIAL SERVICES,2015,21.39,816.31,86.24,8.04,6.76,1.4,57.96,0.02,0,0,0,141.51,2054.28,154.34,Strong Positive,A1+,0,0
Can Fin Homes Ltd.,FINANCE,FINANCIAL SERVICES,2014,102.1,577.74,75.71,49.84,6.97,1.3,40.56,0.02,0,0,0,87.24,828.01,74.25,Strong Positive,CARE AA+,0,1
Can Fin Homes Ltd.,FINANCE,FINANCIAL SERVICES,2013,93.13,392.48,54.12,45.46,4.96,0.8,35.17,0.03,0,0,0,2.34,287.61,25.79,Positive,CARE AA+,0,1
Can Fin Homes Ltd.,FINANCE,FINANCIAL SERVICES,2012,72.58,286.1,43.76,35.43,3.97,0.6,31.17,0.03,0,0,0,2.32,220.52,19.78,Negative,MAA+,0,0
Can Fin Homes Ltd.,FINANCE,FINANCIAL SERVICES,2011,41.5,231.22,42.02,20.26,3.8,0.5,27.89,0.04,0,0,24.86,11.39,222.88,19.99,Negative,MAA+,0,0
Can Fin Homes Ltd.,FINANCE,FINANCIAL SERVICES,2010,29.18,213.71,39.19,14.25,3.54,0.4,24.65,0.04,0,0,217.72,724.6,241.52,21.66,Strong Positive,MAA+,0,1
Can Fin Homes Ltd.,FINANCE,FINANCIAL SERVICES,2009,28.2,222.9,31.53,13.77,2.85,0.4,22.11,0.04,0,0,470.78,3.65,162.14,14.54,,MAA+,0,0
Canara Bank,BANKS,FINANCIAL SERVICES,2019,7163.27,46810.34,347.02,95.1,10.14,0,394.68,0,0,0,0,12350.44,21422.28,284.4,Strong Positive,ICRA AA(hyb),0,1
Canara Bank,BANKS,FINANCIAL SERVICES,2018,-25284.69,41252.09,-4222.24,-344.83,-51.51,0,396.59,0,0,0,0,5269.69,18444.77,251.55,Strong Negative,ICRA AA(hyb),0,0
Canara Bank,BANKS,FINANCIAL SERVICES,2017,-5484.22,41387.64,1121.92,-91.82,24.27,1,474.01,0,0,0,0,2348.79,19629.94,328.65,Positive,AAA,0,1
Canara Bank,BANKS,FINANCIAL SERVICES,2016,-3751.92,44022.14,-2812.82,-69.1,-47.34,0,468.59,0,0,0,0,2432.58,11861.64,212.48,Negative,AAA(hyb),0,0
Canara Bank,BANKS,FINANCIAL SERVICES,2015,115.24,43750.04,2702.62,2.43,64.06,10.5,541.47,0,0,0,0,3271.65,14314.75,270.25,Strong Negative,AAA,0,0
Canara Bank,BANKS,FINANCIAL SERVICES,2014,4926.25,39547.61,2438.19,106.8,56.23,11,508.67,0,0,0,0,3890.55,21328.61,449.76,Strong Positive,AAA,0,0
Canara Bank,BANKS,FINANCIAL SERVICES,2013,5602.21,34077.94,2872.1,126.46,67.23,13,501.59,0,0,0,0,1057.13,15974.58,350.74,Strong Negative,A1+,0,0
Canara Bank,BANKS,FINANCIAL SERVICES,2012,-2942.01,30850.62,3282.71,-66.41,75.52,11,452.85,0,0,0,0,904.87,18280.4,401.37,Negative,AAA,0,0
Canara Bank,BANKS,FINANCIAL SERVICES,2011,7355.52,22940.07,4025.89,166.04,91.72,11,393.93,0,0,0,0,767.78,23257.5,510.64,Positive,A1+,0,1
Canara Bank,BANKS,FINANCIAL SERVICES,2010,2725.64,18751.96,3021.43,66.48,75.36,10,297.48,0,0,0,0,810.25,18398.75,436.48,Strong Positive,A1+,0,1
Canara Bank,BANKS,FINANCIAL SERVICES,2009,-2502.85,17119.05,2072.42,-61.05,53.29,8,238.18,0,0,0,0,533.3,10762.5,255.32,,AAA,0,1
Central Bank Of India,BANKS,FINANCIAL SERVICES,2019,-23796.35,22638.57,-5641.48,-58.8,-13.25,0,39.19,0,0,0,0,3123.79,8499.39,20.6,Strong Negative,CARE A-,0,1
Central Bank Of India,BANKS,FINANCIAL SERVICES,2018,-52248.72,24035.52,-5104.9,-199.56,-18.5,0,56.74,0,0,0,0,212.44,18117.64,69.2,Strong Negative,CARE A,0,0
Central Bank Of India,BANKS,FINANCIAL SERVICES,2017,57230.54,24661.41,-2439.1,300.87,-11.47,0,73.93,0,0,0,0,4207.74,16586.93,87.2,Strong Negative,A+,0,0
Central Bank Of India,BANKS,FINANCIAL SERVICES,2016,-3027.77,25887.9,-1418.19,-17.92,-6.98,0,85.14,0,0,0,0,412.62,18836.24,106.95,Positive,AA-,0,0
Central Bank Of India,BANKS,FINANCIAL SERVICES,2015,-1537.38,26408.78,606.45,-9.27,5.04,0.5,94.33,0,0,0,0,878.82,17038.76,102.75,Positive,AA-,0,1
Central Bank Of India,BANKS,FINANCIAL SERVICES,2014,-6863.13,24427.55,-1262.84,-50.82,-7.81,0,91.31,0,0,0,0,2182.62,10499.67,77.75,Positive,CARE AA-,0,0
Central Bank Of India,BANKS,FINANCIAL SERVICES,2013,-4034.06,21860.65,1014.96,-38.62,11.48,2.5,113.24,0,0,0,0,220.49,6455.49,61.8,Strong Negative,A1+,0,1
Central Bank Of India,BANKS,FINANCIAL SERVICES,2012,-5040.82,19149.5,533.04,-68.48,9.19,2,121.42,0,0,0,0,951.25,6032.47,81.95,Negative,CARE AA+,0,0
Central Bank Of India,BANKS,FINANCIAL SERVICES,2011,-7743.96,15220.57,1252.41,-191.62,33.93,2.5,131.2,0,0,0,0,3107.39,8027.62,124.15,Strong Negative,AA+/Stable,0,1
Central Bank Of India,BANKS,FINANCIAL SERVICES,2010,4709.37,12064.31,1058.23,116.53,23.93,2.2,91.84,0,0,0,0,206.63,5700.42,119.98,Positive,CARE AA+,0,1
Central Bank Of India,BANKS,FINANCIAL SERVICES,2009,-1891.92,10455.19,571.24,-46.81,13.78,2,73.38,0,0,0,0,781.63,3804.99,80.09,,AA,0,0
Cholamandalam Financial Holdings Ltd.,FINANCE,FINANCIAL SERVICES,2019,-31.64,73.5,66.53,-1.69,3.54,1.25,56.7,0,0,0,91.25,39.87,8761.32,466.75,Strong Negative,None,0,0
Cholamandalam Financial Holdings Ltd.,FINANCE,FINANCIAL SERVICES,2018,69.49,64.65,59.39,3.71,3.17,1.25,54.37,0,0,0,59.19,75.68,11531.22,614.55,Negative,None,0,1
Cholamandalam Financial Holdings Ltd.,FINANCE,FINANCIAL SERVICES,2017,-18.69,40.07,36.29,-1,1.94,1.25,51.66,0,0,0,0,47.76,12514.51,667.5,Positive,AA,0,0
Cholamandalam Financial Holdings Ltd.,FINANCE,FINANCIAL SERVICES,2016,824.49,4240.28,729.89,44.01,44.86,2.5,103.51,0.42,41.7,39.88,48.63,156.11,9096.87,485.55,Strong Positive,AA,0,1
Cholamandalam Financial Holdings Ltd.,FINANCE,FINANCIAL SERVICES,2015,-13.64,4098.15,120.86,-0.73,11.64,1,70.56,0.39,41.14,37.34,37.03,16.59,6473.7,345.85,Positive,AA,0,1
Cholamandalam Financial Holdings Ltd.,FINANCE,FINANCIAL SERVICES,2014,23.23,3783.3,94.07,1.24,9.54,1,66.28,0.36,40.54,35.07,35.63,27.99,5483.98,293.35,Strong Positive,AA,0,0
Cholamandalam Financial Holdings Ltd.,FINANCE,FINANCIAL SERVICES,2013,225.27,3817.42,103.96,12.07,9.84,1,63.29,0.33,39.69,36.66,42.47,35.73,2521.1,135,Negative,AA,0,0
Cholamandalam Financial Holdings Ltd.,FINANCE,FINANCIAL SERVICES,2012,213.99,3690.12,180.09,11.49,13.75,1.5,59.85,0.31,40.02,39.45,51.55,90.04,2697.6,144.75,Strong Positive,AA,0,0
Cholamandalam Financial Holdings Ltd.,FINANCE,FINANCIAL SERVICES,2011,215.58,3144.92,169.66,11.61,12.86,1.5,53.4,0.34,40.57,39.58,48.72,35.48,2542.21,136.85,Strong Positive,AA,0,1
Cholamandalam Financial Holdings Ltd.,FINANCE,FINANCIAL SERVICES,2010,89.45,2453.65,81.21,4.84,8.01,0.75,44.22,0.41,42.38,39.29,44.43,340.56,2290.22,123.9,Strong Positive,AA-,0,0
Cholamandalam Financial Holdings Ltd.,FINANCE,FINANCIAL SERVICES,2009,143.92,2212.22,72.18,7.79,7.11,0.5,39.89,0.41,43.88,38.02,45.23,68.78,921.13,49.85,,AA,0,1
Cholamandalam Investment & Finance Company Ltd.,FINANCE,FINANCIAL SERVICES,2019,-9420.67,6991.97,1186.15,-602.5,15.88,1.3,78.99,0.03,3.59,0,97.58,765.88,22332.67,285.65,Negative,IND AA,1,1
Cholamandalam Investment & Finance Company Ltd.,FINANCE,FINANCIAL SERVICES,2018,-8280.82,5479.23,918.3,-529.7,12.38,1.3,65.22,0.05,6.26,0,102.16,414.82,23648.05,302.52,Positive,ICRA AA,0,1
Cholamandalam Investment & Finance Company Ltd.,FINANCE,FINANCIAL SERVICES,2017,-2046.63,4659.55,718.74,-130.96,9.69,1.1,54.83,0.06,0,0,113.53,233.75,17570.4,224.84,Strong Positive,AA,0,1
Cholamandalam Investment & Finance Company Ltd.,FINANCE,FINANCIAL SERVICES,2016,-3251.51,4192.47,568.45,-208.24,7.55,0.9,46.84,0.05,0,0,105.53,153.49,14813.21,189.71,Positive,AA,0,0
Cholamandalam Investment & Finance Company Ltd.,FINANCE,FINANCIAL SERVICES,2015,-2598.91,3690.46,435.16,-180.9,6.46,0.7,37.2,0.05,0,0,98.08,9.7,8996.74,125.17,Strong Positive,AA,0,0
Cholamandalam Investment & Finance Company Ltd.,FINANCE,FINANCIAL SERVICES,2014,-2812.35,3261.78,364.01,-196.41,5.41,0.7,32.05,0.05,0,0,102.87,150.2,5576,77.78,Strong Positive,CARE AA-,0,0
Cholamandalam Investment & Finance Company Ltd.,FINANCE,FINANCIAL SERVICES,2013,-4000.47,2553.77,306.55,-279.54,4.57,0.7,27.46,0.05,0,0,107.06,317.21,3440.51,48.07,Positive,AA,0,1
Cholamandalam Investment & Finance Company Ltd.,FINANCE,FINANCIAL SERVICES,2012,-3769.97,1765.38,172.54,-284.41,2.74,0.5,21.38,0.05,0,0,90.23,42.36,2268.04,34.22,Strong Positive,CARE AA,0,1
Cholamandalam Investment & Finance Company Ltd.,FINANCE,FINANCIAL SERVICES,2011,-3436.66,1186.69,62.18,-288.11,1.19,0.3,17.97,0.06,0,0,113.33,4.73,1918.17,32.16,Strong Positive,AA-,0,1
Cholamandalam Investment & Finance Company Ltd.,FINANCE,FINANCIAL SERVICES,2010,-981.95,929.52,15.42,-147.87,0.92,0.2,14.61,0.08,0,0,111.48,174.91,1490.91,27.13,Strong Positive,AAA,0,0
Cholamandalam Investment & Finance Company Ltd.,FINANCE,FINANCIAL SERVICES,2009,738.86,1115.2,42.75,111.26,1.88,0,14.48,0.07,0,0,53.69,12.45,448.24,13.5,,AAA(so),0,0
City Union Bank Ltd.,BANKS,FINANCIAL SERVICES,2019,31.57,3767.17,682.85,0.43,10.13,0.5,65.91,0,0,0,0,346.01,16015.79,218.05,Strong Positive,CRISIL A1+,0,0
City Union Bank Ltd.,BANKS,FINANCIAL SERVICES,2018,-575.03,3402.42,592,-8.65,8.81,0.3,56.94,0,0,0,0,613.87,12289.06,167.91,Positive,ICRA A1+,0,0
City Union Bank Ltd.,BANKS,FINANCIAL SERVICES,2017,46.3,3173.79,502.77,0.77,7.64,0.3,49.09,0,0,0,0,365.6,10629.83,146.16,Strong Positive,CARE A+,0,0
City Union Bank Ltd.,BANKS,FINANCIAL SERVICES,2016,-106.34,2944.21,444.69,-1.78,6.87,1.2,42.17,0,0,0,0,1641.23,6962.95,96.2,Strong Positive,CARE A+,0,0
City Union Bank Ltd.,BANKS,FINANCIAL SERVICES,2015,22.31,2698.86,384.13,0.37,5.97,1.1,37.34,0,0,0,0,1166,6022.35,83.43,Positive,A1+,0,0
City Union Bank Ltd.,BANKS,FINANCIAL SERVICES,2014,62.84,2545.93,347.07,1.16,5.86,1,30.83,0,0,0,0,1207.33,4073.27,62.02,Strong Positive,CARE A+,0,0
City Union Bank Ltd.,BANKS,FINANCIAL SERVICES,2013,506.15,2188.75,322.02,10.67,6.04,1,28.58,0,0,0,0,125.41,2974.95,45.62,Positive,CARE A+,0,0
City Union Bank Ltd.,BANKS,FINANCIAL SERVICES,2012,-312.94,1696.77,280.25,-7.67,5.15,1,21.78,0,0,0,0,411.64,2126.79,37.26,Strong Positive,CARE A+,0,1
City Union Bank Ltd.,BANKS,FINANCIAL SERVICES,2011,87.27,1218.41,215.05,2.15,4.09,0.85,17.77,0,0,0,0,444.06,1813.95,31.9,Strong Positive,A,0,1
City Union Bank Ltd.,BANKS,FINANCIAL SERVICES,2010,189.92,956.61,152.76,4.75,2.98,0.75,14.78,0,0,0,0,2726.49,1449.73,25.93,Strong Positive,CARE A,0,0
City Union Bank Ltd.,BANKS,FINANCIAL SERVICES,2009,57.06,804.4,122.13,1.78,2.59,0.75,12.41,0,0,0,0,559.98,740.8,13.91,,CARE A,0,1
CRISIL Ltd.,FINANCE,FINANCIAL SERVICES,2019,306.84,1178.68,266.29,42.44,40.46,32,95.72,0.12,47.02,0,37.44,18.04,10749.59,1487.75,Negative,None,0,0
CRISIL Ltd.,FINANCE,FINANCIAL SERVICES,2018,275.76,1181.99,277.53,38.25,42.61,30,102.83,0.1,50.37,0,31.42,1.55,12922.38,1799.6,Negative,None,0,0
CRISIL Ltd.,FINANCE,FINANCIAL SERVICES,2017,286.92,1177.38,237.26,40.02,37.07,28,103.83,0.08,54.02,0,26.28,19.26,13871.82,1944,Negative,None,0,0
CRISIL Ltd.,FINANCE,FINANCIAL SERVICES,2016,201.94,1129.64,240.29,28.32,37.7,27,115.49,0.13,52.05,0,19.87,17.2,14362.96,2015.1,Positive,None,0,0
CRISIL Ltd.,FINANCE,FINANCIAL SERVICES,2015,219.15,956.1,222.01,30.78,34.55,23,94.81,0.21,49.96,0,23.03,9.24,13829.61,1935.55,Positive,None,0,0
CRISIL Ltd.,FINANCE,FINANCIAL SERVICES,2014,277.22,903.37,215.51,38.85,33.55,20,101.94,0.22,56.49,0,44.67,10.06,12714.27,1791.7,Strong Positive,None,0,0
CRISIL Ltd.,FINANCE,FINANCIAL SERVICES,2013,233.59,789.28,281.18,33.06,43.08,19,86.17,0.26,60.43,0,69.14,8.22,7825.51,1109.9,Positive,None,0,1
CRISIL Ltd.,FINANCE,FINANCIAL SERVICES,2012,136.19,736.6,192.86,19.39,30.87,16,64.71,0.27,47.91,0,82.57,7.08,7531.87,1073.4,Strong Positive,None,0,0
CRISIL Ltd.,FINANCE,FINANCIAL SERVICES,2011,138.52,639.16,186.51,32.95,29.72,11,52.13,0.29,51.8,0,86.83,6.43,4930.21,694.71,Strong Positive,None,1,0
CRISIL Ltd.,FINANCE,FINANCIAL SERVICES,2010,192.87,528.71,198.5,271.76,30.82,20,51.08,0.27,57.27,0,96.16,2.1,4219.91,584.07,Strong Positive,None,0,1
CRISIL Ltd.,FINANCE,FINANCIAL SERVICES,2009,66.26,441.62,150.34,91.71,22.73,10,57.06,0.25,61.91,0,99.76,1.4,2480.85,343.37,,None,0,0
DCB Bank Ltd.,BANKS,FINANCIAL SERVICES,2019,-487.57,3041.49,325.37,-15.75,11.94,1,92.72,0,0,0,0,485.48,7345.25,237.1,Strong Positive,CARE A1+,0,1
DCB Bank Ltd.,BANKS,FINANCIAL SERVICES,2018,11.53,2412.99,245.34,0.37,9.7,0.75,82.96,0,0,0,0,1298.69,5080,164.55,Strong Negative,CARE A1+,0,0
DCB Bank Ltd.,BANKS,FINANCIAL SERVICES,2017,54.62,2076.15,199.68,1.91,8.37,0.5,68.22,0,0,0,0,2988.78,6107.78,198.6,Strong Positive,CARE A1+,0,0
DCB Bank Ltd.,BANKS,FINANCIAL SERVICES,2016,103.45,1698.46,194.52,3.64,7.9,0,61.19,0,0,0,0,522.31,2766.71,97.2,Negative,A+(hyb),0,0
DCB Bank Ltd.,BANKS,FINANCIAL SERVICES,2015,-631.11,1422.42,191.18,-22.38,7.61,0,54.39,0,0,0,0,670.42,3686.42,130.3,Positive,A-,0,0
DCB Bank Ltd.,BANKS,FINANCIAL SERVICES,2014,422.68,1128.26,151.36,16.89,6.76,0,43.88,0,0,0,0,798.06,2075.15,82.85,Strong Positive,A-,0,1
DCB Bank Ltd.,BANKS,FINANCIAL SERVICES,2013,21.2,916.1,102.06,0.85,4.63,0,37.83,0,0,0,0,839.61,1183.17,47.3,Strong Positive,A-,0,1
DCB Bank Ltd.,BANKS,FINANCIAL SERVICES,2012,-520.94,716.97,55.08,-21.65,2.79,0,33.39,0,0,0,0,4672.54,1030.08,42.8,Negative,BBB+,0,1
DCB Bank Ltd.,BANKS,FINANCIAL SERVICES,2011,122.87,536.26,21.43,6.14,1.73,0,28.1,0,0,0,0,3338.78,1198.19,59.85,Positive,BBB,0,1
DCB Bank Ltd.,BANKS,FINANCIAL SERVICES,2010,-593.27,458.97,-78.45,-29.67,-3.15,0,27.02,0,0,0,0,2637.37,918.31,45.9,Strong Positive,BBB+/Stable,0,1
DCB Bank Ltd.,BANKS,FINANCIAL SERVICES,2009,-510.71,645.21,-88.1,-29.3,-4.19,0,30.74,0,0,0,0,4184.97,648.08,36.9,,BBB,0,0
Dewan Housing Finance Corporation Ltd.,FINANCE,FINANCIAL SERVICES,2019,-3218.35,12883.88,-1036.05,-102.55,-31.38,2.5,256.79,0.07,0.67,0,12.48,45643.89,2261.09,72.05,Strong Negative,CARE AA+,0,0
Dewan Housing Finance Corporation Ltd.,FINANCE,FINANCIAL SERVICES,2018,3320.77,10850.4,1239.99,105.87,40.41,5.5,293.38,0.05,0.78,0,42.85,8468.46,19997.32,637.55,Strong Positive,CARE AAA(FD),0,0
Dewan Housing Finance Corporation Ltd.,FINANCE,FINANCIAL SERVICES,2017,2790.99,8851.76,2896.45,89.13,93.24,4,255.1,0.03,4.21,0,11.12,1646.88,13708.43,437.2,Strong Positive,CARE AAA,0,1
Dewan Housing Finance Corporation Ltd.,FINANCE,FINANCIAL SERVICES,2016,1093.12,7295.1,729.2,37.46,25.82,8,167.13,0.04,9.83,0,6.24,3120.97,5943.93,203.7,Negative,ICRA A1+,0,0
Dewan Housing Finance Corporation Ltd.,FINANCE,FINANCIAL SERVICES,2015,600.39,5978.96,621.29,41.21,22.2,6,158.52,0.04,8.22,0,4.73,512.13,6137.23,210.47,Positive,CARE AAA,0,0
Dewan Housing Finance Corporation Ltd.,FINANCE,FINANCIAL SERVICES,2014,72.54,4965.58,529,5.65,21.02,8,138.56,0.05,5.01,0,0.62,356.94,4664.56,181.35,Strong Positive,CARE AA+,0,0
Dewan Housing Finance Corporation Ltd.,FINANCE,FINANCIAL SERVICES,2013,374.9,4061.22,451.85,29.24,17.95,5,125.7,0.04,5.09,0,43.9,48.99,2050.01,79.88,Strong Negative,CARE AA+,0,1
Dewan Housing Finance Corporation Ltd.,FINANCE,FINANCIAL SERVICES,2012,224.17,2467.76,306.36,19.19,13.31,3.5,86.63,0.03,6.4,0,124.96,330.9,1936.46,82.7,Strong Negative,None,0,0
Dewan Housing Finance Corporation Ltd.,FINANCE,FINANCIAL SERVICES,2011,147.18,1449.35,265.13,14.09,12.87,3.5,74.01,0.05,4.43,0,214.58,190.44,2327.47,111.13,Negative,CARE AA+ (FD),0,1
Dewan Housing Finance Corporation Ltd.,FINANCE,FINANCIAL SERVICES,2010,-38.84,990.55,150.69,-4.74,9.36,3,52.94,0.06,1,0,315.93,123.05,2433.72,117,Positive,CARE AA+ (FD),0,0
Dewan Housing Finance Corporation Ltd.,FINANCE,FINANCIAL SERVICES,2009,90.18,691.77,91.76,14.9,7.78,2.5,37.55,0.08,0.97,0,285.27,223.93,923.28,76.28,,CARE AA+,0,0
Edelweiss Financial Services Ltd.,FINANCE,FINANCIAL SERVICES,2019,321.48,303.04,102.88,3.62,1.2,1.4,37.23,0.04,66.41,0,46.54,1015.18,15850.39,169.8,Strong Negative,CRISIL A1+,0,0
Edelweiss Financial Services Ltd.,FINANCE,FINANCIAL SERVICES,2018,285.64,420.56,138.26,3.28,1.63,1.35,37.95,0.04,47.61,0,57.2,2769.11,27212.4,294.5,Positive,A1+,0,0
Edelweiss Financial Services Ltd.,FINANCE,FINANCIAL SERVICES,2017,168.67,450.43,129.01,2.03,1.58,1.3,20.6,0.04,58.96,0,46.83,1058.63,16307.67,191.45,Strong Positive,A1+,0,0
Edelweiss Financial Services Ltd.,FINANCE,FINANCIAL SERVICES,2016,4066.56,335.37,155.59,49.96,1.94,1.25,19.68,0.05,65.24,0,56.17,580.57,6250.88,75.9,Strong Positive,A1+,0,1
Edelweiss Financial Services Ltd.,FINANCE,FINANCIAL SERVICES,2015,-3844.77,247.83,111.48,-48.56,1.44,1,18.57,0.06,35.3,0,50.59,745.64,4866.28,60.6,Negative,A1+,0,1
Edelweiss Financial Services Ltd.,FINANCE,FINANCIAL SERVICES,2014,44.1,214.91,73.3,0.57,0.99,0.7,17.92,0.06,28.58,0,57.34,685.1,4883.46,62.8,Strong Positive,CARE AA,0,1
Edelweiss Financial Services Ltd.,FINANCE,FINANCIAL SERVICES,2013,-1437.07,158.87,46.79,-18.81,0.64,0.65,15.63,0.07,37.64,0,59.63,53.62,2331.19,30.35,Strong Negative,A1+,0,0
Edelweiss Financial Services Ltd.,FINANCE,FINANCIAL SERVICES,2012,-1403.26,206.95,68.63,-18.54,0.93,0.6,17.83,0.05,33.16,0,92.62,72.34,2386.93,31.45,Strong Negative,AA-,0,0
Edelweiss Financial Services Ltd.,FINANCE,FINANCIAL SERVICES,2011,-1977.13,448.74,58.73,-26.29,0.8,0.6,17.56,0.02,30.71,0,154.06,412.72,2512.58,33.4,Strong Negative,A1+,0,1
Edelweiss Financial Services Ltd.,FINANCE,FINANCIAL SERVICES,2010,240.18,244.12,34.2,-22.48,0.48,2,17.43,0.04,46.94,0,211.83,65.67,3639.94,48.47,Strong Positive,None,1,1
Edelweiss Financial Services Ltd.,FINANCE,FINANCIAL SERVICES,2009,45.17,191.39,26.37,1.71,0.41,0.6,18.08,0.06,11.91,0,291.22,28.1,2900.66,38.71,,None,0,0
HDFC Bank Ltd.,BANKS,FINANCIAL SERVICES,2019,-64502.69,98972.05,21078.17,-236.85,40.79,7.5,273.94,0,0,0,0,3189.21,667831,1221.88,Strong Positive,IND AAA,1,0
HDFC Bank Ltd.,BANKS,FINANCIAL SERVICES,2018,19838.65,80241.36,17486.73,76.45,35.44,6.5,204.8,0,0,0,0,4864.53,549073.67,1054.22,Positive,IND AAA,0,0
HDFC Bank Ltd.,BANKS,FINANCIAL SERVICES,2017,18989.12,69305.96,14549.64,74.1,30.01,5.5,174.56,0,0,0,0,1082.61,425218.39,826.02,Strong Positive,IND A1+,0,0
HDFC Bank Ltd.,BANKS,FINANCIAL SERVICES,2016,-33400.91,60221.45,12296.21,-132.11,25.71,4.75,143.74,0,0,0,0,4069.72,298236.19,588.23,Positive,AAA,0,0
HDFC Bank Ltd.,BANKS,FINANCIAL SERVICES,2015,-18568.67,48469.9,10215.92,-74.08,21.69,4,123.7,0,0,0,0,1822.53,268010.26,533.58,Strong Positive,AAA,0,0
HDFC Bank Ltd.,BANKS,FINANCIAL SERVICES,2014,5524.59,41135.53,8478.38,23.03,19.07,3.42,90.62,0,0,0,0,1544.03,197804.29,410.77,Strong Positive,AAA,0,1
HDFC Bank Ltd.,BANKS,FINANCIAL SERVICES,2013,-3799.79,35064.87,6726.28,-15.97,15.5,2.75,76.1,0,0,0,0,5270.67,159886.12,334.75,Positive,AAA,0,1
HDFC Bank Ltd.,BANKS,FINANCIAL SERVICES,2012,-19468.75,27874.19,5167.09,-82.96,12.17,2.15,63.76,0,0,0,0,3164.79,132767.84,281.77,Strong Positive,CARE AAA,0,1
HDFC Bank Ltd.,BANKS,FINANCIAL SERVICES,2011,-2637.53,19928.21,3926.4,-56.69,9.51,1.65,54.55,0,0,0,0,1342.06,117418.61,251.56,Strong Positive,CARE AAA,0,1
HDFC Bank Ltd.,BANKS,FINANCIAL SERVICES,2010,6307.83,16172.72,2948.7,137.8,7.3,1.2,47.01,0,0,0,0,876.76,88214.65,191.9,Strong Positive,AAA/Stable,0,1
HDFC Bank Ltd.,BANKS,FINANCIAL SERVICES,2009,-4396.06,16332.26,2244.94,-103.34,6.12,1,34.43,0,0,0,0,1029.24,63635.55,149.31,,AAA,0,0
Housing Development Finance Corporation Ltd.,FINANCE,FINANCIAL SERVICES,2019,3685.66,43348.04,9632.46,21.41,56.34,21,442.98,0.02,1.22,0,69.03,2859.39,378204.38,2192.1,Strong Positive,CRISIL AAA,0,0
Housing Development Finance Corporation Ltd.,FINANCE,FINANCIAL SERVICES,2018,5430.97,40689.22,10959.34,32.41,65.69,20,383.54,0.02,0.96,0,39.12,4022.63,321254.17,1908.1,Strong Positive,CRISIL AAA,0,1
Housing Development Finance Corporation Ltd.,FINANCE,FINANCIAL SERVICES,2017,6691.43,32111.06,7442.64,42.12,47.2,18,249.23,0.03,1.44,0,76.63,1866.23,257245.35,1614.95,Strong Positive,CRISIL AAA,0,0
Housing Development Finance Corporation Ltd.,FINANCE,FINANCIAL SERVICES,2016,4863.04,30905.12,7093.1,30.78,45.24,17,215.65,0.03,1.13,0,65.6,4774.34,198326.04,1253.6,Negative,CARE AAA,0,0
Housing Development Finance Corporation Ltd.,FINANCE,FINANCIAL SERVICES,2015,5540.79,27401.16,5990.14,35.19,38.23,15,196.67,0.03,0.87,0,61.23,3046.51,204324.49,1296.45,Strong Positive,AAA,0,0
Housing Development Finance Corporation Ltd.,FINANCE,FINANCIAL SERVICES,2014,5471.96,24143.01,5440.24,35.07,35.07,14,179.14,0.03,0.65,0,43.82,3290.43,155527.57,992.55,Positive,AAA,0,0
Housing Development Finance Corporation Ltd.,FINANCE,FINANCIAL SERVICES,2013,805.76,21112.5,4848.34,5.21,31.51,12.5,160.57,0.03,0.53,0,98.34,5139.25,136615.92,879.05,Positive,CARE AAA,0,0
Housing Development Finance Corporation Ltd.,FINANCE,FINANCIAL SERVICES,2012,1782.33,17332.77,4122.62,12.07,28.05,11,128.76,0.03,0.65,0,145.13,2568.91,97237.53,653.2,Strong Negative,AAA,0,0
Housing Development Finance Corporation Ltd.,FINANCE,FINANCIAL SERVICES,2011,3647.3,12871.52,3534.96,24.86,24.23,9,118.05,0.04,0.03,0,201.95,4189.49,103821.21,706.3,Strong Positive,AAA/Stable,0,1
Housing Development Finance Corporation Ltd.,FINANCE,FINANCIAL SERVICES,2010,2781.07,11338.28,2826.49,96.87,19.82,7.2,105.87,0.04,0.46,0,681.6,581.89,85661.88,588.84,Strong Positive,AAA,1,1
Housing Development Finance Corporation Ltd.,FINANCE,FINANCIAL SERVICES,2009,1904.54,10994.79,2282.54,93.89,16.17,6,92.37,0.04,0.49,0,617.17,523.08,66722.29,468.95,,AAA,0,0
ICICI Bank Ltd.,BANKS,FINANCIAL SERVICES,2019,25688.02,63401.19,3363.3,39.85,6.42,1,163.38,0,0,0,0,13459.21,282042.98,437.1,Strong Positive,ICRA AAA(hyb),0,0
ICICI Bank Ltd.,BANKS,FINANCIAL SERVICES,2018,3361.76,54965.89,6777.42,5.23,11.76,1.5,158.91,0,0,0,0,20930.48,177129.92,275.4,Strong Negative,ICRA AAA(hyb),0,0
ICICI Bank Ltd.,BANKS,FINANCIAL SERVICES,2017,34993.24,54156.28,9801.09,60.08,16.48,2.5,151.25,0,0,0,0,12435.47,186068.26,290.15,Positive,ICRA AA+(hyb),0,0
ICICI Bank Ltd.,BANKS,FINANCIAL SERVICES,2016,18255.84,52739.43,9726.29,31.4,16.27,5,135.88,0,0,0,0,15319.15,139926.06,218.68,Strong Negative,AAA,0,0
ICICI Bank Ltd.,BANKS,FINANCIAL SERVICES,2015,-8095.3,49091.14,11175.35,-13.96,18.5,5,126.11,0,0,0,0,13750.13,178763.64,280,Positive,A1+,0,0
ICICI Bank Ltd.,BANKS,FINANCIAL SERVICES,2014,2930.29,44178.15,9810.48,25.37,16.3,4.6,115.24,0,0,0,0,2420.12,163939.8,257.85,Positive,CARE AAA,1,0
ICICI Bank Ltd.,BANKS,FINANCIAL SERVICES,2013,9474.97,40075.6,8325.47,82.14,13.84,4,105.13,0,0,0,0,4841.18,123570.41,194.68,Positive,CARE AAA,0,1
ICICI Bank Ltd.,BANKS,FINANCIAL SERVICES,2012,-17419.96,33542.65,6465.26,-151.12,10.96,3.3,95.28,0,0,0,0,4776.81,103697.67,163.55,Negative,AAA,0,1
ICICI Bank Ltd.,BANKS,FINANCIAL SERVICES,2011,-10079.82,25974.05,5151.38,-87.52,8.9,2.8,86.97,0,0,0,0,5501.19,126117.85,199.03,Strong Positive,CARE AAA,0,1
ICICI Bank Ltd.,BANKS,FINANCIAL SERVICES,2010,-2848.63,25706.93,4024.98,-25.55,7.34,2.4,84.19,0,0,0,0,4010.16,96119.07,156.67,Positive,AAA,0,0
ICICI Bank Ltd.,BANKS,FINANCIAL SERVICES,2009,-19724.65,31092.55,3758.13,-177.19,6.9,2.2,80.9,0,0,0,0,6931.91,80404.27,131.31,,AAA,0,0
ICRA Ltd.,FINANCE,FINANCIAL SERVICES,2019,99.89,230.14,95.97,103.5,101.96,30,568.06,0.08,32.64,0,12.76,0.35,3066,3176.8,Negative,None,0,0
ICRA Ltd.,FINANCE,FINANCIAL SERVICES,2018,97.94,222.13,100.32,98.9,103.99,0,575.44,0.08,33.1,0,15.25,0.93,3258.82,3290.65,Strong Negative,None,0,0
ICRA Ltd.,FINANCE,FINANCIAL SERVICES,2017,93.03,210.9,97.97,93.93,102.16,27,504.61,0.13,30.32,0,16.06,4.57,3993.25,4032.25,Positive,None,0,1
ICRA Ltd.,FINANCE,FINANCIAL SERVICES,2016,68.12,195.37,61.47,68.12,65.02,25,403.58,0.2,35.59,0,9.68,1.29,4030.35,4030.35,Negative,None,0,0
ICRA Ltd.,FINANCE,FINANCIAL SERVICES,2015,66.66,181.25,50.42,66.66,54.11,24,371.26,0.22,33.56,0,5.37,3.71,4252.4,4252.4,Positive,None,0,0
ICRA Ltd.,FINANCE,FINANCIAL SERVICES,2014,59.88,162.9,58.73,59.88,61.18,23,348.43,0.22,26.58,0,4.82,10.02,2638.8,2638.8,Strong Positive,None,0,0
ICRA Ltd.,FINANCE,FINANCIAL SERVICES,2013,58.23,148.59,60.38,58.23,62.49,22,308.82,0.23,34.51,0,4.23,20.55,1014.45,1014.45,Negative,None,0,0
ICRA Ltd.,FINANCE,FINANCIAL SERVICES,2012,50.68,139.36,50.9,50.68,52.8,20,266.76,0.24,37.67,0,3.75,10.47,1323,1323,Strong Positive,None,0,0
ICRA Ltd.,FINANCE,FINANCIAL SERVICES,2011,27.84,129.31,44.91,27.84,46.95,17,234.83,0.25,42.24,0,3.88,4.38,1133.55,1133.55,Strong Negative,None,0,0
ICRA Ltd.,FINANCE,FINANCIAL SERVICES,2010,60.19,106.16,50,60.19,51.96,17,209.6,0.3,58.92,0,4.47,4.3,1180.1,1180.1,Strong Positive,None,0,1
ICRA Ltd.,FINANCE,FINANCIAL SERVICES,2009,42.5,88.73,36.15,42.5,37.93,12,179.41,0.34,50.58,0,7.28,4,769.95,769.95,,None,0,1
IDBI Bank Ltd.,BANKS,FINANCIAL SERVICES,2019,-52503.06,22071.24,-15116.29,-67.87,-19.07,0,39.92,0,0,0,0,12052.18,27463.85,35.5,Strong Negative,CRISIL A-,0,1
IDBI Bank Ltd.,BANKS,FINANCIAL SERVICES,2018,-27276.95,23026.53,-8237.92,-88.45,-25.5,0,52.39,0,0,0,0,75846.99,22954.73,54.9,Positive,CARE A,0,0
IDBI Bank Ltd.,BANKS,FINANCIAL SERVICES,2017,-2120.95,27791.37,-5158.14,-10.3,-23.31,0,83.28,0,0,0,0,5002.49,11078.08,53.5,Strong Negative,A+,0,0
IDBI Bank Ltd.,BANKS,FINANCIAL SERVICES,2016,-9840.12,28042.76,-3664.8,-47.8,-16.76,0,107.41,0,0,0,0,4284.58,14370.53,69.8,Strong Positive,CARE AA+,0,0
IDBI Bank Ltd.,BANKS,FINANCIAL SERVICES,2015,-5396.21,28153.99,873.39,-33.64,6.3,0.75,141.24,0,0,0,0,1949.94,9736.02,60.7,Strong Negative,CARE AA+,0,0
IDBI Bank Ltd.,BANKS,FINANCIAL SERVICES,2014,-5334.36,26597.51,1121.4,-33.26,7.7,1,136.7,0,0,0,0,3928.32,17555.12,109.45,Strong Positive,CARE AA+,0,0
IDBI Bank Ltd.,BANKS,FINANCIAL SERVICES,2013,-2686.45,25064.3,1882.08,-20.16,15.05,3.5,146.11,0,0,0,0,1053.3,9442.52,70.85,Strong Negative,AA+,0,0
IDBI Bank Ltd.,BANKS,FINANCIAL SERVICES,2012,-4359.93,23369.93,2031.61,-34.11,16.8,3.5,137.46,0,0,0,0,1909.42,11940.33,93.4,Negative,AA+,0,0
IDBI Bank Ltd.,BANKS,FINANCIAL SERVICES,2011,1505.14,18541.24,1650.32,15.29,18.05,3.5,128.69,0,0,0,0,5764.65,13425.22,136.35,Positive,CARE AA+,0,0
IDBI Bank Ltd.,BANKS,FINANCIAL SERVICES,2010,1424.31,15261.32,1031.13,19.65,15.48,3,113.48,0,0,0,0,2175.09,8637.03,119.15,Positive,AA,0,1
IDBI Bank Ltd.,BANKS,FINANCIAL SERVICES,2009,2385.56,11545.12,858.54,32.91,12.46,2.5,102.69,0,0,0,0,6700.3,7965.35,109.9,,CARE AA+,0,0
IDFC Ltd.,FINANCE,FINANCIAL SERVICES,2019,-1826.27,191.75,127.89,-11.44,0.83,0,61.11,0.32,3.86,0,26.72,2289.6,5539.36,34.7,Strong Negative,None,0,0
IDFC Ltd.,FINANCE,FINANCIAL SERVICES,2018,-4628.63,217.15,184,-29,1.19,0.75,61.07,0.39,1.08,0,80.39,7770.04,7375.16,46.2,Strong Negative,ICRA A1+,0,1
IDFC Ltd.,FINANCE,FINANCIAL SERVICES,2017,111.49,159.22,55.75,0.7,0.38,0.25,60.45,0.68,0.33,0,144.26,14607.38,8817.65,55.25,Positive,A1+,0,1
IDFC Ltd.,FINANCE,FINANCIAL SERVICES,2016,-330.83,4560.49,-1162.14,-2.08,-7.26,0,60.11,0.06,1.05,0,372.87,26104.57,7580.71,47.5,Strong Negative,AAA,0,0
IDFC Ltd.,FINANCE,FINANCIAL SERVICES,2015,1659.67,9131.82,1685.49,10.42,10.2,2.6,106.17,0.05,13.37,0,1429.32,4569.92,23540.43,68.98,Positive,AAA,0,0
IDFC Ltd.,FINANCE,FINANCIAL SERVICES,2014,1780.74,8214.21,1701.12,11.74,11.38,2.6,96.84,0.05,15.42,0,942.92,17860.15,20492.4,63.09,Positive,AAA,0,0
IDFC Ltd.,FINANCE,FINANCIAL SERVICES,2013,2007.33,7765.3,1764.98,13.25,11.83,2.6,88.65,0.06,9.92,0,329.77,14408.62,19414.61,59.85,Negative,AAA,0,0
IDFC Ltd.,FINANCE,FINANCIAL SERVICES,2012,1806.88,6099.98,1602.96,11.95,10.81,2.3,80.05,0.07,11.45,0,307.44,5936.6,20603.85,63.58,Positive,AAA,0,0
IDFC Ltd.,FINANCE,FINANCIAL SERVICES,2011,1253.6,4524,1277.14,8.58,8.97,2,69.78,0.1,2.3,0,340.15,10543.89,19191.56,61.27,Strong Negative,AA+,0,0
IDFC Ltd.,FINANCE,FINANCIAL SERVICES,2010,-3193.55,3569.97,1012.84,-24.55,8.04,1.5,52.3,0.12,2.98,0,190.62,16567.51,23325.47,83.69,Strong Positive,AA+,0,1
IDFC Ltd.,FINANCE,FINANCIAL SERVICES,2009,-64.91,3313.25,735.92,-0.5,5.84,1.2,46.43,0.08,1.6,0,287.27,7578.79,17586.4,63.4,,AA+,0,0
IFCI Ltd.,FINANCE,FINANCIAL SERVICES,2019,-510.42,2157.23,-443.83,-3.01,-2.42,0,24.91,0.36,1.51,0,208.19,5595.49,1560.31,9.2,Strong Negative,CARE BBB,0,0
IFCI Ltd.,FINANCE,FINANCIAL SERVICES,2018,-1165.18,3544.61,468.37,-6.87,2.96,0,27.82,0.31,2.33,0,150.01,6919.81,2518.55,14.85,Strong Negative,CARE BBB+,0,1
IFCI Ltd.,FINANCE,FINANCIAL SERVICES,2017,-481.53,2739.73,-458.49,-2.9,-2.55,0,34.19,0.52,5.16,0,155.71,6605.87,4030.44,24.25,Strong Negative,ICRA A,0,0
IFCI Ltd.,FINANCE,FINANCIAL SERVICES,2016,-862.17,3818.59,337.44,-5.19,2.12,1,36.88,0.39,4.73,0,222.78,15741.12,4445.95,26.75,Positive,CARE AA(SO),0,0
IFCI Ltd.,FINANCE,FINANCIAL SERVICES,2015,-221.04,3251.21,521.6,-1.33,3.08,1.5,36.08,0.47,4.8,0,415.39,3821.93,4288.06,25.8,Strong Negative,CARE A+,0,0
IFCI Ltd.,FINANCE,FINANCIAL SERVICES,2014,-466.25,2886.54,508.1,-2.81,3.14,1,34.87,0.54,3.09,0,522.04,17593.07,6997.18,42.1,Strong Positive,CARE A,0,0
IFCI Ltd.,FINANCE,FINANCIAL SERVICES,2013,-947.68,2719.51,450.87,-5.7,2.77,1,33.02,0.56,2.06,0,733.9,37279.26,4354.54,26.2,Negative,A,0,0
IFCI Ltd.,FINANCE,FINANCIAL SERVICES,2012,-246.6,2827.26,663.62,-3.34,9.15,1,58.46,0.54,5.89,0,576.93,10955.8,2969.8,40.25,Negative,CARE A+,0,0
IFCI Ltd.,FINANCE,FINANCIAL SERVICES,2011,355.22,2355.41,706.25,4.81,9.71,1,50.98,0.7,10.51,0,237.12,7446.59,3379.29,45.8,Strong Negative,CARE A+,0,0
IFCI Ltd.,FINANCE,FINANCIAL SERVICES,2010,675.49,1674.52,670.94,9.15,9.22,1,42.71,0.85,21.33,0,424.63,45552.1,4201.98,56.95,Strong Negative,CARE BBB+ / CARE A2,0,0
IFCI Ltd.,FINANCE,FINANCIAL SERVICES,2009,762.13,1420.99,657.15,10,8.72,0.8,37.09,0.81,30.51,0,599.06,40523.64,3862.58,52.35,,BWR AA-,0,0
IIFL Finance Ltd.,FINANCE,FINANCIAL SERVICES,2019,-1067.37,2953.34,451.03,-33.44,14.88,5,110.61,0.02,125.33,0,16.68,43.81,4541.11,142.25,Strong Negative,CRISIL A1+,0,1
IIFL Finance Ltd.,FINANCE,FINANCIAL SERVICES,2018,218.63,246.26,214.69,6.85,6.77,5,46.31,0.01,2.81,0,37.18,181.42,21383.35,670.25,Positive,CRISIL A1+,0,1
IIFL Finance Ltd.,FINANCE,FINANCIAL SERVICES,2017,156.22,192.06,156.78,4.91,4.95,4.5,47.17,0.01,6.02,0,45.11,513,19335.59,608.15,Strong Positive,ICRA AA,0,0
IIFL Finance Ltd.,FINANCE,FINANCIAL SERVICES,2016,91.44,211.41,171.98,2.89,5.44,4.25,46.63,0.01,7.36,0,0,92.78,7060.92,222.95,Strong Positive,AA,0,1
IIFL Finance Ltd.,FINANCE,FINANCIAL SERVICES,2015,122.66,109.04,98.22,3.95,3.17,3,45.13,0.01,10.97,0,0,57.67,5389.32,173.55,Positive,AA,0,0
IIFL Finance Ltd.,FINANCE,FINANCIAL SERVICES,2014,-366.3,88.67,97.77,-12.37,3.3,3,44.68,0.75,0,0,0,53.16,3812.49,126.65,Strong Positive,AA,0,0
IIFL Finance Ltd.,FINANCE,FINANCIAL SERVICES,2013,101.11,549.55,95.81,3.42,3.7,1.5,44.37,0.24,139.01,0,638.91,370.95,1535.66,52,Negative,AA-,0,1
IIFL Finance Ltd.,FINANCE,FINANCIAL SERVICES,2012,397.14,548.55,63.3,13.74,3.28,3,44.03,0.23,225.02,30.86,644.73,311.01,1774.96,61.4,Negative,AA-,0,0
IIFL Finance Ltd.,FINANCE,FINANCIAL SERVICES,2011,148.93,680.4,122.36,5.2,5.11,3,37.85,0.17,268.48,28.69,618.79,913.2,2542.24,88.2,Negative,AA-,0,0
IIFL Finance Ltd.,FINANCE,FINANCIAL SERVICES,2010,379.86,665.99,152.02,13.32,6.45,3,38.71,0.19,186.62,14.89,488.29,1503.42,2769.16,96.85,Negative,F1+,0,1
IIFL Finance Ltd.,FINANCE,FINANCIAL SERVICES,2009,-285.78,462.79,105.83,-10.08,4.64,2.8,36.51,0.26,176.01,0.74,452,3690.01,3453.23,121.85,,F1,0,0
Indiabulls Ventures Ltd.,FINANCE,FINANCIAL SERVICES,2019,150.74,311.4,105.45,2.66,1.93,1,100.95,0.06,77.6,0,27.08,938.07,16781.9,274.35,Strong Negative,None,0,1
Indiabulls Ventures Ltd.,FINANCE,FINANCIAL SERVICES,2018,-129.44,184.46,48.57,-2.79,1.08,0,33.49,0.36,100.21,0,36.27,602.74,29501.81,487.65,Strong Positive,None,0,0
Indiabulls Ventures Ltd.,FINANCE,FINANCIAL SERVICES,2017,26.99,83.6,47.09,0.84,1.52,1,8.37,1.5,162.21,0,14.27,3303.55,7164.52,161.79,Strong Positive,None,0,1
Indiabulls Ventures Ltd.,FINANCE,FINANCIAL SERVICES,2016,23.71,76.34,16.87,0.81,0.66,3,6.89,1.69,160.83,0,4.22,1826.38,707.28,24.13,Negative,None,0,0
Indiabulls Ventures Ltd.,FINANCE,FINANCIAL SERVICES,2015,137.72,80.89,118.26,5.27,4.71,3,9.41,1.68,124.19,0,3.44,226.43,1034.26,35.36,Positive,None,0,0
Indiabulls Ventures Ltd.,FINANCE,FINANCIAL SERVICES,2014,118.46,76.31,87.26,5.13,3.98,4,7.99,1.89,99.32,0,6.1,731.11,713.14,27.57,Strong Positive,A1+,0,1
Indiabulls Ventures Ltd.,FINANCE,FINANCIAL SERVICES,2013,7.85,108.09,55.84,0.34,2.75,3,8.5,1.38,91.28,0,4.98,291.46,246.13,10.64,Positive,None,0,1
Indiabulls Ventures Ltd.,FINANCE,FINANCIAL SERVICES,2012,213.42,148.76,-11.6,9.23,0.01,0,9.56,1.01,95.35,0,3.46,220.86,198.76,8.59,Negative,A1+,0,0
Indiabulls Ventures Ltd.,FINANCE,FINANCIAL SERVICES,2011,79.28,325.45,37.37,3.43,2.39,1,10.05,0.48,82.08,0,2.14,273.53,307.38,13.29,Negative,None,0,0
Indiabulls Ventures Ltd.,FINANCE,FINANCIAL SERVICES,2010,47.51,336.89,61.22,2.07,3.58,2,9.56,0.48,69.12,0,1.91,659.23,627.74,27.27,Strong Negative,AAA,0,1
Indiabulls Ventures Ltd.,FINANCE,FINANCIAL SERVICES,2009,-73.8,391.88,-12.88,-2.91,0.45,2,11.31,0.4,64.67,0,1.95,1999.45,1058.03,41.71,,None,0,0
Indian Bank,BANKS,FINANCIAL SERVICES,2019,10846.08,19184.81,321.95,225.82,12.1,0,339.24,0,0,0,0,1236.15,12770.07,259.8,Strong Negative,IND AA+,0,0
Indian Bank,BANKS,FINANCIAL SERVICES,2018,-7028.25,17113.65,1258.99,-146.33,31.14,6,329.53,0,0,0,0,1681.25,16507.62,343.7,Strong Positive,AA+,0,0
Indian Bank,BANKS,FINANCIAL SERVICES,2017,-12994.26,16039.75,1405.68,-270.55,32.72,6,301.1,0,0,0,0,1008.38,13568.24,282.5,Positive,AA,0,1
Indian Bank,BANKS,FINANCIAL SERVICES,2016,-3403.45,16243.78,711.38,-70.86,17.95,1.5,280.63,0,0,0,0,334.27,6781.72,141.2,Positive,CARE AAA,0,0
Indian Bank,BANKS,FINANCIAL SERVICES,2015,3586.75,15852.94,1005.17,74.68,23.8,4.2,266.92,0,0,0,0,54.57,6827.35,142.15,Strong Negative,AA+,0,0
Indian Bank,BANKS,FINANCIAL SERVICES,2014,-2098.54,15249.21,1158.95,-45.14,27.18,4.7,248.16,0,0,0,0,724.16,8546.24,183.85,Strong Positive,AAA,0,0
Indian Bank,BANKS,FINANCIAL SERVICES,2013,1890.81,13897.43,1581.14,44,38.91,6.6,242.89,0,0,0,0,96.19,4940.21,114.95,Strong Negative,CARE AAA,0,0
Indian Bank,BANKS,FINANCIAL SERVICES,2012,-3819.2,12231.32,1746.97,-88.87,42.72,7.5,214.94,0,0,0,0,490.46,7566.1,176.05,Negative,AAA,0,0
Indian Bank,BANKS,FINANCIAL SERVICES,2011,-1273.85,9361.03,1714.07,-29.64,41.55,7.5,184.44,0,0,0,0,552.9,9147.65,212.85,Negative,AA+/Positive,0,0
Indian Bank,BANKS,FINANCIAL SERVICES,2010,820.09,7714.37,1554.99,19.08,38.23,6.5,154.66,0,0,0,0,431.02,9710.65,225.95,Positive,CARE A1+,0,1
Indian Bank,BANKS,FINANCIAL SERVICES,2009,277.93,6830.33,1245.32,6.47,30.94,5,127.52,0,0,0,0,1981.48,6287.54,146.3,,None,0,1
Indian Overseas Bank,BANKS,FINANCIAL SERVICES,2019,-10340.64,17631.26,-3737.88,-11.31,-3.76,0,15.18,0,0,0,0,2245.3,11107.1,12.15,Negative,CRISIL A+,0,1
Indian Overseas Bank,BANKS,FINANCIAL SERVICES,2018,-11306.52,17915.21,-6299.49,-23.12,-12.32,0,22.84,0,0,0,0,357.56,6871.53,14.05,Strong Negative,ICRA A+,0,0
Indian Overseas Bank,BANKS,FINANCIAL SERVICES,2017,-7756.74,19718.6,-3416.74,-31.6,-13.04,0,47.17,0,0,0,0,580.32,6063.18,24.7,Strong Negative,A+,0,0
Indian Overseas Bank,BANKS,FINANCIAL SERVICES,2016,-10567.72,23517.29,-2897.33,-58.47,-14.94,0,73.34,0,0,0,0,8492.14,5184.31,27.3,Negative,CARE A-,0,0
Indian Overseas Bank,BANKS,FINANCIAL SERVICES,2015,1043.9,23938.33,-454.33,8.45,-2.47,0,112.8,0,0,0,0,1380.94,4576.97,37.05,Strong Negative,CARE A+,0,0
Indian Overseas Bank,BANKS,FINANCIAL SERVICES,2014,-305.31,22683.73,601.74,-2.47,6.01,1.2,116.21,0,0,0,0,3867.12,10080.44,81.6,Positive,FAAA,0,0
Indian Overseas Bank,BANKS,FINANCIAL SERVICES,2013,-4391.67,20676.73,567.23,-47.52,7.51,2,133.21,0,0,0,0,1022.78,4597.37,49.75,Strong Negative,CARE AA+,0,0
Indian Overseas Bank,BANKS,FINANCIAL SERVICES,2012,453.52,17889.11,1050.13,5.69,14.57,4.5,135.34,0,0,0,0,1316.08,6638.99,83.3,Negative,AA+,0,0
Indian Overseas Bank,BANKS,FINANCIAL SERVICES,2011,-1975.1,12101.47,1072.54,-31.92,19.03,5,118.25,0,0,0,0,720.03,9083.24,146.8,Strong Positive,CARE AA+,0,1
Indian Overseas Bank,BANKS,FINANCIAL SERVICES,2010,-2562.27,10245.77,706.96,-47.03,15.03,3.5,116.54,0,0,0,0,494.02,5671.37,104.1,Strong Positive,AA+/Stable,0,0
Indian Overseas Bank,BANKS,FINANCIAL SERVICES,2009,-1423.15,9641.4,1325.79,-26.12,26.19,4.5,109.06,0,0,0,0,1459.69,4715.24,86.55,,AA+,0,0
IndusInd Bank Ltd.,BANKS,FINANCIAL SERVICES,2019,-9790.97,22261.15,3301.1,-162.46,58.57,7.5,437.2,0,0,0,0,4108.36,85072.75,1410.5,Strong Negative,CRISIL AA+,0,0
IndusInd Bank Ltd.,BANKS,FINANCIAL SERVICES,2018,-22183.43,17280.75,3605.99,-369.59,63.6,7.5,390.94,0,0,0,0,1324.64,116016.63,1932.2,Positive,CRISIL AA+,0,1
IndusInd Bank Ltd.,BANKS,FINANCIAL SERVICES,2017,10505.11,14405.67,2867.89,175.63,51.13,6,338.65,0,0,0,0,806.2,88517.72,1478.95,Positive,AA,0,1
IndusInd Bank Ltd.,BANKS,FINANCIAL SERVICES,2016,-3733.64,11871.74,2286.45,-62.75,41.06,4.5,290.79,0,0,0,0,1401.18,66236.48,1111.6,Positive,Withdrawn,0,0
IndusInd Bank Ltd.,BANKS,FINANCIAL SERVICES,2015,-1918.7,9691.96,1793.72,-36.24,36.27,4,193.4,0,0,0,0,738.23,46357.28,872.7,Positive,A1+,0,1
IndusInd Bank Ltd.,BANKS,FINANCIAL SERVICES,2014,-5698.19,8253.53,1408.02,-108.44,28.66,3.5,164.33,0,0,0,0,743.86,30080.15,571.7,Strong Positive,CARE AA,0,1
IndusInd Bank Ltd.,BANKS,FINANCIAL SERVICES,2013,-1617.72,6983.23,1061.18,-30.95,21.71,3,141.71,0,0,0,0,1760.62,24459.34,467.45,Positive,AA,0,0
IndusInd Bank Ltd.,BANKS,FINANCIAL SERVICES,2012,-1833.95,5359.19,802.61,-39.23,18.77,2.2,96.49,0,0,0,0,548.66,15948.7,340.25,Strong Positive,AA-,0,1
IndusInd Bank Ltd.,BANKS,FINANCIAL SERVICES,2011,193.55,3589.36,577.33,4.16,13.69,2,81.94,0,0,0,0,819.33,12674.36,272,Strong Positive,A1+,0,1
IndusInd Bank Ltd.,BANKS,FINANCIAL SERVICES,2010,-276.16,2706.99,350.31,-6.73,9.64,1.8,52.7,0,0,0,0,529.02,8433.13,205.25,Strong Positive,A1+,0,1
IndusInd Bank Ltd.,BANKS,FINANCIAL SERVICES,2009,-674.11,2309.47,148.34,-18.99,5.42,1.2,40.21,0,0,0,0,5304.72,3053,86,,A1+,0,1
JM Financial Ltd.,FINANCE,FINANCIAL SERVICES,2019,83.44,143.08,111.3,0.99,1.35,1,29.09,0.06,43.45,0,19.17,365.51,6457.87,76.8,Strong Negative,CRISIL A1+,0,0
JM Financial Ltd.,FINANCE,FINANCIAL SERVICES,2018,365.96,298.71,191.68,4.37,2.31,1.8,29.36,0.02,29.36,0,14.05,535.49,9716.57,115.75,Negative,CARE A1+,0,1
JM Financial Ltd.,FINANCE,FINANCIAL SERVICES,2017,316.52,47.28,106.73,3.98,1.35,1.5,21.5,0.1,0,0,27.37,351.33,9362.27,117.5,Positive,CARE A1+,0,0
JM Financial Ltd.,FINANCE,FINANCIAL SERVICES,2016,-133.21,35.07,112.25,-1.69,1.43,1.45,20.72,0.13,0,0,22.64,1262.95,4054.54,51.35,Strong Positive,A1+,0,1
JM Financial Ltd.,FINANCE,FINANCIAL SERVICES,2015,87.43,29.56,78.11,1.12,1,1.35,20.7,0.12,0,0,22.05,306.33,3444.72,43.7,Positive,A1+,0,0
JM Financial Ltd.,FINANCE,FINANCIAL SERVICES,2014,-9.2,20.95,71.05,-0.12,0.95,1,21.14,0.15,0,0,19.39,1810.22,3120.71,41.15,Strong Positive,AA,0,1
JM Financial Ltd.,FINANCE,FINANCIAL SERVICES,2013,43.26,11.1,44.81,0.58,0.6,0.9,21.2,0.31,0,0,39.71,2518.13,2059.46,27.3,Strong Positive,None,0,0
JM Financial Ltd.,FINANCE,FINANCIAL SERVICES,2012,30.58,24.09,42.5,0.72,0.57,0.6,21.55,0.16,0,0,24.37,6452.01,945.89,12.6,Negative,None,0,1
JM Financial Ltd.,FINANCE,FINANCIAL SERVICES,2011,-10.43,27.6,10.04,-0.14,0.14,0.6,21.58,0.14,0,0,14.18,393.22,1717.2,22.9,Strong Negative,None,0,0
JM Financial Ltd.,FINANCE,FINANCIAL SERVICES,2010,32.39,77.87,47.31,0.8,0.64,0.5,22.06,0.04,0,0,2.4,1288.05,2744.2,36.6,Strong Negative,None,0,1
JM Financial Ltd.,FINANCE,FINANCIAL SERVICES,2009,12.65,24.46,7.97,0.04,0.11,0.2,21.96,0.09,0,0,4.37,49.25,3355.28,44.75,,None,0,0
Karur Vysya Bank Ltd.,BANKS,FINANCIAL SERVICES,2019,-1850.15,5815.82,210.87,-23.15,3.9,0.6,80.35,0,0,0,0,381.59,5651.13,70.7,Strong Negative,ICRA A+(hyb),0,0
Karur Vysya Bank Ltd.,BANKS,FINANCIAL SERVICES,2018,-1916.58,5699.65,345.67,-26.38,5.39,0.6,78.37,0,0,0,0,284.78,7535.25,94.27,Strong Negative,ICRA A+,0,0
Karur Vysya Bank Ltd.,BANKS,FINANCIAL SERVICES,2017,912.04,5622.35,605.98,14.97,9.62,2.6,70,0,0,0,0,850.03,8816.89,122.56,Strong Positive,ICRA A+,0,0
Karur Vysya Bank Ltd.,BANKS,FINANCIAL SERVICES,2016,25.72,5443.43,567.63,2.11,9.04,2.8,63.57,0,0,0,0,192.45,6049.35,84.09,Positive,A+,1,1
Karur Vysya Bank Ltd.,BANKS,FINANCIAL SERVICES,2015,-788.22,5395.88,455.61,-64.81,7.48,2.6,59.04,0,0,0,0,478.04,5903.72,82.06,Strong Positive,A1+,0,0
Karur Vysya Bank Ltd.,BANKS,FINANCIAL SERVICES,2014,776.4,5115.96,429.6,72.44,7.97,2.6,52.15,0,0,0,0,241.55,4987.55,78.74,Strong Positive,None,0,0
Karur Vysya Bank Ltd.,BANKS,FINANCIAL SERVICES,2013,-25,4242.43,550.32,-2.33,9.59,2.8,48.73,0,0,0,0,103.22,4663.99,73.71,Positive,A1+,0,0
Karur Vysya Bank Ltd.,BANKS,FINANCIAL SERVICES,2012,112.11,3270.37,501.72,10.46,8.54,2.8,42.81,0,0,0,0,22.83,4545.52,71.84,Strong Positive,A1+,0,0
Karur Vysya Bank Ltd.,BANKS,FINANCIAL SERVICES,2011,347.51,2217.7,415.59,36.78,7.99,2.4,37.91,0,0,0,0,35.55,4341.88,68.62,Positive,A+,0,1
Karur Vysya Bank Ltd.,BANKS,FINANCIAL SERVICES,2010,-182.85,1757.95,336.03,-33.59,6.34,2.4,28.63,0,0,0,0,22.33,2842.9,50.24,Strong Positive,A+,0,1
Karur Vysya Bank Ltd.,BANKS,FINANCIAL SERVICES,2009,306.47,1446.09,235.84,56.82,4.57,2.4,24.08,0,0,0,0,38.54,1519.28,27.09,,A1+,0,0
Kotak Mahindra Bank Ltd.,BANKS,FINANCIAL SERVICES,2019,-5052.53,23890.05,4865.33,-26.47,27.41,0.8,222.13,0,0,0,0,1814.09,282028.03,1477.1,Positive,IND AAA,0,0
Kotak Mahindra Bank Ltd.,BANKS,FINANCIAL SERVICES,2018,-11828.89,19748.5,4084.3,-62.07,23.02,0.7,196.69,0,0,0,0,2305.39,255983.89,1342.95,Strong Positive,ICRA AAA,0,0
Kotak Mahindra Bank Ltd.,BANKS,FINANCIAL SERVICES,2017,12737.66,17698.93,3411.5,69.19,20.11,0.6,150.01,0,0,0,0,1921.6,181927.03,955.75,Positive,CRISIL AAA,0,1
Kotak Mahindra Bank Ltd.,BANKS,FINANCIAL SERVICES,2016,5052.07,16384.18,2089.78,27.54,12.96,0.5,130.61,0,0,0,0,3334.36,140118.61,763.35,Strong Positive,AAA,0,0
Kotak Mahindra Bank Ltd.,BANKS,FINANCIAL SERVICES,2015,3966.13,9719.87,1865.98,51.35,13.33,0.9,91.55,0,0,0,0,939.68,126501.63,692.9,Positive,AAA,0,1
Kotak Mahindra Bank Ltd.,BANKS,FINANCIAL SERVICES,2014,8100.75,8767.12,1502.52,105.16,10.82,0.8,79.68,0,0,0,0,433.33,68074.63,441.77,Positive,AA,0,0
Kotak Mahindra Bank Ltd.,BANKS,FINANCIAL SERVICES,2013,-1854.52,8042.49,1360.72,-24.84,10,0.7,63.27,0,0,0,0,1541.88,55410.83,361.1,Positive,AA+,0,1
Kotak Mahindra Bank Ltd.,BANKS,FINANCIAL SERVICES,2012,-4247.07,6180.24,1085.05,-57.34,8.11,0.6,53.64,0,0,0,0,787.06,43976.84,296.15,Strong Positive,AA,0,1
Kotak Mahindra Bank Ltd.,BANKS,FINANCIAL SERVICES,2011,-2086.13,4189.75,818.18,-28.31,6.22,0.5,46.12,0,0,0,0,1545.74,35366.94,239.68,Strong Positive,A1+,0,1
Kotak Mahindra Bank Ltd.,BANKS,FINANCIAL SERVICES,2010,478.44,3255.62,561.11,13.74,4.68,0.43,32.21,0,0,0,0,2375.57,26874.89,192.74,Positive,FAAA/Stable,1,1
Kotak Mahindra Bank Ltd.,BANKS,FINANCIAL SERVICES,2009,-1880.74,3065.14,276.1,-54.41,2.5,0.38,27.58,0,0,0,0,1628.45,21879.12,157.95,,A1+,0,0
LIC Housing Finance Ltd.,FINANCE,FINANCIAL SERVICES,2019,4536.77,17355.02,2430.97,89.9,48.4,7.6,322.19,0.01,0,0,74.13,1252.26,28021.41,555.25,Positive,CARE AAA,0,0
LIC Housing Finance Ltd.,FINANCE,FINANCIAL SERVICES,2018,1739.09,14836.98,2002.5,34.46,39.88,6.8,282.2,0.01,0,0,61.86,1560.04,23651.03,468.65,Strong Negative,CRISIL AAA,0,0
LIC Housing Finance Ltd.,FINANCE,FINANCIAL SERVICES,2017,3786.91,14052.05,1931.05,75.04,38.45,6.2,219.49,0.01,2.53,0,34.51,1361.77,37456.09,742.2,Strong Positive,CRISIL AAA,0,0
LIC Housing Finance Ltd.,FINANCE,FINANCIAL SERVICES,2016,2647.98,12460.44,1660.79,52.47,33.1,5.5,181.23,0.01,2.27,0,31.67,1289.59,24980.82,495,Strong Positive,AAA,0,0
LIC Housing Finance Ltd.,FINANCE,FINANCIAL SERVICES,2015,2123.96,10725.97,1386.19,42.09,27.65,5,154.92,0.01,2.35,0,30.95,2361.34,22755.25,450.9,Strong Positive,AAA,0,0
LIC Housing Finance Ltd.,FINANCE,FINANCIAL SERVICES,2014,1459.13,9238.47,1317.19,28.91,26.25,4.5,149.26,0.01,2.55,0,33.57,3654.18,16520.14,327.35,Positive,CARE AAA,0,1
LIC Housing Finance Ltd.,FINANCE,FINANCIAL SERVICES,2013,1634.87,7613.95,1023.21,32.4,20.42,3.8,128.43,0.01,3.01,0,28.19,2343.95,12856.29,254.75,Strong Negative,CARE AAA,0,0
LIC Housing Finance Ltd.,FINANCE,FINANCIAL SERVICES,2012,232.95,6145.35,914.2,4.62,18.26,3.6,112.59,0.01,3.23,0,28.3,1240.09,13625.9,270,Positive,CARE AAA,0,0
LIC Housing Finance Ltd.,FINANCE,FINANCIAL SERVICES,2011,-597.59,4648.3,974.49,-12.59,20.66,3.5,87.83,0.01,3.43,0,104.91,6171.96,11541.43,243.15,Strong Positive,AAA/Stable,0,1
LIC Housing Finance Ltd.,FINANCE,FINANCIAL SERVICES,2010,343.98,3480.42,662.18,102.99,14.08,3,71.37,0.02,0,0,206.73,543.49,9471.43,199.54,Strong Positive,AAA,1,0
LIC Housing Finance Ltd.,FINANCE,FINANCIAL SERVICES,2009,5809.98,2894.77,531.62,-559.97,12.64,2.6,52.61,0.02,0,0,264.01,1558.84,5251.38,123.66,,AAA,0,1
Magma Fincorp Ltd.,FINANCE,FINANCIAL SERVICES,2019,-984.44,2232.64,275.13,-36.55,12.08,0.8,94.5,0.1,1.2,0,244.02,977.97,3500.1,129.95,Strong Negative,CARE AA-,0,0
Magma Fincorp Ltd.,FINANCE,FINANCIAL SERVICES,2018,-78.18,2063.78,201.23,-3.3,10.56,0.8,76.24,0.16,0.9,0,212.05,76.26,4382.64,162.75,Positive,CARE AA-,0,1
Magma Fincorp Ltd.,FINANCE,FINANCIAL SERVICES,2017,1623.42,1977.67,6.1,68.51,2.3,0.8,85.9,0.2,1.25,0,154.58,382.64,3846.08,162.3,Strong Positive,CARE AA-,0,0
Magma Fincorp Ltd.,FINANCE,FINANCIAL SERVICES,2016,-360.09,2109.64,187.15,-15.2,9.56,0.8,85.66,0.17,1.26,0,145.91,419.51,2580.41,108.95,Strong Positive,AA-,0,0
Magma Fincorp Ltd.,FINANCE,FINANCIAL SERVICES,2015,-1043.86,2018.77,149.07,-54.82,9.64,0.8,72.62,0.15,2.08,0,158.04,159.57,2139.06,90.35,Negative,CARE AA-,0,0
Magma Fincorp Ltd.,FINANCE,FINANCIAL SERVICES,2014,154.38,1846.78,135.57,8.12,8.87,0.8,66.43,0.19,2.2,0,217.32,170.89,1921.16,101.05,Strong Positive,CARE AA,0,0
Magma Fincorp Ltd.,FINANCE,FINANCIAL SERVICES,2013,-223.32,1568.28,122.8,-11.76,8.4,0.8,61.75,0.27,1.79,0,232.71,13.27,1694.41,89.2,Positive,CARE AA,0,1
Magma Fincorp Ltd.,FINANCE,FINANCIAL SERVICES,2012,-2194.17,975.37,63.24,-115.65,4.89,0.6,56.95,0.41,2.74,0,316.11,1.08,1119.42,59,Negative,CARE AA+,0,0
Magma Fincorp Ltd.,FINANCE,FINANCIAL SERVICES,2011,-968.77,824.02,114.43,-74.65,10.96,0.6,43.3,0.47,2.99,0.08,296.17,12.66,1310.39,72.95,Strong Positive,CARE AA,0,1
Magma Fincorp Ltd.,FINANCE,FINANCIAL SERVICES,2010,-1098.71,636.53,66.46,-504.53,9.11,0.4,31.87,0.6,4.01,0.1,295.15,14.36,754.49,58.33,Positive,CARE AA-,1,1
Magma Fincorp Ltd.,FINANCE,FINANCIAL SERVICES,2009,-337.83,569.28,39.04,-155.13,6.73,0.2,26.96,0.63,4.73,0,273.38,0.54,392.42,36.04,,BWR AA-,0,0
Mahindra & Mahindra Financial Services Ltd.,FINANCE,FINANCIAL SERVICES,2019,-11668.98,8722.91,1557.06,-189.78,26.3,6.5,176.85,0.05,0.19,0,269.05,1180.1,23993.99,388.4,Strong Negative,IND AAA,0,1
Mahindra & Mahindra Financial Services Ltd.,FINANCE,FINANCIAL SERVICES,2018,-7624.62,6633.47,1076.09,-124.08,18.23,4,156.24,0.05,0.26,0,279.9,916.49,29013.33,469.65,Positive,CRISIL AA+,0,1
Mahindra & Mahindra Financial Services Ltd.,FINANCE,FINANCIAL SERVICES,2017,-5875.34,6173.91,400.23,-103.98,7.9,2.4,114.2,0.05,0.32,0,172.77,2008.56,19619.55,344.95,Positive,AA+,0,0
Mahindra & Mahindra Financial Services Ltd.,FINANCE,FINANCIAL SERVICES,2016,-4009.95,5853.16,672.6,-71.02,12.64,4,107.4,0.05,0.34,0,189.99,2893.5,19005.28,334.15,Positive,CARE AAA,0,0
Mahindra & Mahindra Financial Services Ltd.,FINANCE,FINANCIAL SERVICES,2015,-3444.77,5536.06,831.78,-61.06,15.48,4,100.21,0.04,0.66,0,213.09,723.93,15942.48,280.3,Negative,AA+,0,0
Mahindra & Mahindra Financial Services Ltd.,FINANCE,FINANCIAL SERVICES,2014,-5916.58,4921.63,887.23,-104.99,16.18,3.8,90.24,0.04,0.9,0,230.71,1495.74,16042.02,282.05,Positive,AA+,0,0
Mahindra & Mahindra Financial Services Ltd.,FINANCE,FINANCIAL SERVICES,2013,-6741.55,3856.72,882.69,-119.74,16.07,3.6,78.98,0.05,0.83,0,263.13,2595.8,14850.45,261.1,Strong Positive,AA+,1,1
Mahindra & Mahindra Financial Services Ltd.,FINANCE,FINANCIAL SERVICES,2012,-5838.38,2768.11,620.12,-568.56,12.46,2.8,57.34,0.05,0.96,0,253.93,260.92,6710.26,129.04,Strong Positive,AA+,0,1
Mahindra & Mahindra Financial Services Ltd.,FINANCE,FINANCIAL SERVICES,2011,-3992.04,1964.35,463.11,-389.65,9.35,2,48.57,0.05,1.04,0,268.94,38.77,6520.45,125.39,Positive,AA+,0,1
Mahindra & Mahindra Financial Services Ltd.,FINANCE,FINANCIAL SERVICES,2010,-1950.87,1530.77,342.71,-203.25,7.35,1.5,35.99,0.05,0.6,0,376.42,25.79,4352.29,89.83,Strong Positive,A1+,0,1
Mahindra & Mahindra Financial Services Ltd.,FINANCE,FINANCIAL SERVICES,2009,-818.37,1364.82,214.52,-85.5,4.67,1.1,30.67,0.05,0.23,0,453.94,137.19,2624.55,54.17,,AA-,0,0
Max Financial Services Ltd.,FINANCE,FINANCIAL SERVICES,2019,320.06,316.63,49.39,11.88,1.9,0,74.15,0.11,16.42,0,49.28,623.83,10990.12,407.95,Negative,None,0,0
Max Financial Services Ltd.,FINANCE,FINANCIAL SERVICES,2018,349.05,263.5,143.94,13.01,5.43,0,70.88,0.1,9.96,0,60.6,447.87,11610.32,432.55,Strong Negative,None,0,0
Max Financial Services Ltd.,FINANCE,FINANCIAL SERVICES,2017,156.56,254.91,154,5.86,5.84,0,68.11,0.08,12.11,0,78.75,646.04,16870.01,631.1,Strong Positive,None,0,1
Max Financial Services Ltd.,FINANCE,FINANCIAL SERVICES,2016,117.85,200.71,115.21,4.41,4.4,3.6,62.2,0.12,16.79,0,83.89,328.77,14225.64,532.75,Positive,None,0,0
Max Financial Services Ltd.,FINANCE,FINANCIAL SERVICES,2015,442.38,581.78,390.94,16.6,14.83,5,129.02,0.43,0,0,215.37,282.61,12881.34,483.2,Strong Positive,None,0,1
Max Financial Services Ltd.,FINANCE,FINANCIAL SERVICES,2014,88.76,995.92,185.16,3.33,7.84,3.6,119.28,0.47,53.53,20.36,26.01,854.35,7675.98,288.25,Strong Positive,None,0,0
Max Financial Services Ltd.,FINANCE,FINANCIAL SERVICES,2013,532.05,1515.16,561.48,20.04,22.05,12.2,115.67,0.3,31.04,11.26,20.81,16.78,5318.72,200,Positive,None,0,1
Max Financial Services Ltd.,FINANCE,FINANCIAL SERVICES,2012,-63.4,747.01,-15.44,-2.4,0.28,0,107.54,0.59,47.58,22.01,24.23,193.28,5097.97,192.1,Strong Positive,None,0,1
Max Financial Services Ltd.,FINANCE,FINANCIAL SERVICES,2011,-195.34,462.95,-42.1,-8.4,-1.18,0,93.13,0.76,53.79,26.42,30.39,466,4704.1,183.35,Strong Positive,None,0,0
Max Financial Services Ltd.,FINANCE,FINANCIAL SERVICES,2010,-10.74,355,-0.59,-0.46,0.52,0,94.9,0.73,58.66,27.5,27.59,860.03,3572.76,153.75,Strong Negative,None,0,0
Max Financial Services Ltd.,FINANCE,FINANCIAL SERVICES,2009,-23.2,400.95,21.83,-1.05,1.53,0,92.83,0.61,52.08,25.33,32.77,175.04,4925.96,212,,None,0,0
Motilal Oswal Financial Services Ltd.,FINANCE,FINANCIAL SERVICES,2019,434.52,1227.94,316.02,29.82,22.93,8.5,175.65,0.34,284.66,0,591.18,51.3,10179.63,697.15,Negative,ICRA AA,0,0
Motilal Oswal Financial Services Ltd.,FINANCE,FINANCIAL SERVICES,2018,736.46,1389.92,503.53,50.76,36.73,8.5,162.24,0.21,192.02,0,265.16,144.71,11261.39,776.2,Strong Negative,ICRA AA,0,1
Motilal Oswal Financial Services Ltd.,FINANCE,FINANCIAL SERVICES,2017,-14.26,175.45,86.3,-0.99,6.45,5.5,46.31,1.01,0,0,0,243.59,16585.83,1146.4,Strong Positive,ICRA AA,0,1
Motilal Oswal Financial Services Ltd.,FINANCE,FINANCIAL SERVICES,2016,324.71,110.2,46.75,22.84,3.84,3.5,41.74,1.61,0,0,0,233.73,4991.02,349.25,Strong Positive,AA,0,0
Motilal Oswal Financial Services Ltd.,FINANCE,FINANCIAL SERVICES,2015,-256.63,128.71,60.49,-18.31,4.9,3,41,1.38,0,0,0,15.57,4244.02,300.15,Positive,PP-MLD AA,0,1
Motilal Oswal Financial Services Ltd.,FINANCE,FINANCIAL SERVICES,2014,64.25,100.04,39.31,4.65,3.45,2,37.93,1.69,0,0,0,20.3,2833.03,205.05,Strong Positive,A1+,0,0
Motilal Oswal Financial Services Ltd.,FINANCE,FINANCIAL SERVICES,2013,35.01,73,38.75,2.41,3.24,2,39.11,2.23,0,0,0,224.04,1190.93,82,Strong Negative,None,0,0
Motilal Oswal Financial Services Ltd.,FINANCE,FINANCIAL SERVICES,2012,29.58,46.46,56.3,2.04,3.94,1.5,38.48,1.95,0,0,0,6.28,1459.94,100.6,Positive,A1+,0,1
Motilal Oswal Financial Services Ltd.,FINANCE,FINANCIAL SERVICES,2011,-46.98,49.6,42.66,-3.25,2.95,1.4,35.49,0.33,0,397.57,0,25.57,1361.15,94.25,Strong Negative,A1+,0,0
Motilal Oswal Financial Services Ltd.,FINANCE,FINANCIAL SERVICES,2010,88.92,51.09,42.4,-14.72,2.96,1.2,33.07,0.16,0,501.8,152.81,6.39,2487.99,173.7,Strong Positive,A1+,0,0
Motilal Oswal Financial Services Ltd.,FINANCE,FINANCIAL SERVICES,2009,-14.47,57.19,45.31,-1.02,3.19,0.8,30.51,0,0,109.62,85.95,39.96,2018.1,142.1,,None,0,1
Power Finance Corporation Ltd.,FINANCE,FINANCIAL SERVICES,2019,-43925.46,28842,6952.92,-166.38,26.36,0,163.96,0,0,0,0,66228.58,35429.89,134.2,Strong Positive,CRISIL AAA,0,1
Power Finance Corporation Ltd.,FINANCE,FINANCIAL SERVICES,2018,-25871.4,25975.85,4386.77,-97.99,16.64,7.8,139.98,0,0,0,0,7094.2,20407.83,77.3,Strong Negative,ICRA AAA,0,1
Power Finance Corporation Ltd.,FINANCE,FINANCIAL SERVICES,2017,-2997.77,26907.53,2126.39,-11.35,8.08,5,138.14,0,0,0,0,3693.17,32393.8,122.7,Positive,AAA,0,0
Power Finance Corporation Ltd.,FINANCE,FINANCIAL SERVICES,2016,-15360.43,27464.6,6113.48,-116.36,23.18,13.9,135.47,0,0,0,0,9948.17,22361.49,84.7,Negative,AAA,0,0
Power Finance Corporation Ltd.,FINANCE,FINANCIAL SERVICES,2015,-22647.65,24898.75,5959.33,-171.57,22.6,9.1,122.04,0,0,0,0,1875.65,33793.04,128,Strong Negative,AAA,0,0
Power Finance Corporation Ltd.,FINANCE,FINANCIAL SERVICES,2014,-23417.57,21528.46,5417.75,-177.4,20.54,9,103.69,0.01,0,0,0,2676.21,40538.45,153.55,Strong Positive,AAA,0,1
Power Finance Corporation Ltd.,FINANCE,FINANCIAL SERVICES,2013,-25496.8,17266.14,4419.6,-193.15,16.76,7,89.3,0.01,0,0,0,4544.13,19021.42,72.05,Negative,CARE AAA,0,1
Power Finance Corporation Ltd.,FINANCE,FINANCIAL SERVICES,2012,-27792.3,13014.85,3031.74,-210.56,11.51,6,76.49,0.01,0,0,0,2726.97,23593.78,89.38,Negative,AAA,0,0
Power Finance Corporation Ltd.,FINANCE,FINANCIAL SERVICES,2011,-16728.78,10128.49,2619.58,-145.75,11.43,5,66.14,0.01,0,0,0,4808.62,24266.94,91.92,Strong Negative,AAA,0,0
Power Finance Corporation Ltd.,FINANCE,FINANCIAL SERVICES,2010,-13072.1,8019.43,2357.25,-113.89,10.29,4.5,57.77,0.01,0,0,0.98,733.28,34450.22,150.07,Strong Positive,A1+,0,0
Power Finance Corporation Ltd.,FINANCE,FINANCIAL SERVICES,2009,-10450.93,6557.37,1969.96,-91.05,8.6,4,50.13,0.04,0,0,102.18,1366.62,22272.41,97.03,,AAA,0,1
Punjab National Bank,BANKS,FINANCIAL SERVICES,2019,-56676.65,51310.25,-9975.49,-123.1,-20.41,0,89.5,0,0,0,0,47346.97,36625.19,79.55,Positive,CARE AA-,0,1
Punjab National Bank,BANKS,FINANCIAL SERVICES,2018,-22190.7,47995.77,-12282.82,-80.38,-42.41,0,135.44,0,0,0,0,30436.9,21021.77,76.15,Strong Negative,AAA,0,0
Punjab National Bank,BANKS,FINANCIAL SERVICES,2017,-1528.56,47275.99,1324.8,-7.18,8.22,0,180.2,0,0,0,0,5476.66,29217,137.3,Positive,AAA,0,1
Punjab National Bank,BANKS,FINANCIAL SERVICES,2016,103.57,47424.35,-3974.4,0.53,-18.23,0,180.61,0,0,0,0,8714.88,20794.5,105.9,Negative,AAA,0,0
Punjab National Bank,BANKS,FINANCIAL SERVICES,2015,-2630.07,46315.36,3061.58,-14.18,18.5,3.3,203.24,0,0,0,0,3406.72,25741.25,138.8,Strong Negative,AAA,0,0
Punjab National Bank,BANKS,FINANCIAL SERVICES,2014,9911.14,43223.25,3342.57,273.74,20.41,2,190.5,0,0,0,0,1060.06,35924.58,198.44,Strong Positive,AAA,1,0
Punjab National Bank,BANKS,FINANCIAL SERVICES,2013,-8028.08,41885.82,4747.67,-227.12,28.67,5.4,176.81,0,0,0,0,494.33,23005.82,130.17,Strong Negative,AAA,0,0
Punjab National Bank,BANKS,FINANCIAL SERVICES,2012,-5492.44,36476.13,4884.2,-161.93,30.52,4.4,155.47,0,0,0,0,515.54,27415.81,161.66,Negative,AAA,0,0
Punjab National Bank,BANKS,FINANCIAL SERVICES,2011,3064.64,26986.48,4433.5,96.73,29.6,4.4,126.5,0,0,0,0,287.07,34508.76,217.85,Positive,CARE A1+,0,0
Punjab National Bank,BANKS,FINANCIAL SERVICES,2010,-297.36,21422.09,3905.36,-9.43,26.19,4.4,102.95,0,0,0,0,249.94,33073.66,209.79,Strong Positive,BBB-,0,1
Punjab National Bank,BANKS,FINANCIAL SERVICES,2009,231.48,19127.22,3090.88,7.34,20.82,4,83.35,0,0,0,0,1390.6,21369.63,135.55,,AAA,0,1
REC Ltd.,FINANCE,FINANCIAL SERVICES,2019,-36867.32,25309.72,5763.72,-186.68,29.22,11,173.69,0.01,0,0,0,6459.49,32546.65,164.8,Strong Positive,CARE AAA,0,1
REC Ltd.,FINANCE,FINANCIAL SERVICES,2018,-34903.74,22454.62,4419.89,-176.73,22.41,9.15,163.57,0.01,0,0,0,7010.46,20667.52,104.65,Strong Negative,IND AAA,0,0
REC Ltd.,FINANCE,FINANCIAL SERVICES,2017,5519.23,23587.3,6245.76,27.95,31.65,9.65,168.74,0.01,0,0,0,4798.1,33958.72,171.95,Positive,AAA,0,0
REC Ltd.,FINANCE,FINANCIAL SERVICES,2016,-15240.44,23638.35,5627.66,-154.34,28.52,17.1,144.91,0.01,0,0,0,4411.51,17127.48,86.72,Negative,AAA,0,0
REC Ltd.,FINANCE,FINANCIAL SERVICES,2015,-25168.42,20229.53,5259.87,-254.88,26.67,10.7,125.86,0.01,0,0,0,1872.23,27169.93,137.57,Strong Negative,AAA,0,0
REC Ltd.,FINANCE,FINANCIAL SERVICES,2014,-18371.71,17017.98,4683.7,-186.05,23.74,9.5,104.64,0.01,0,0,0,1573.27,35479.4,179.65,Strong Positive,AAA,0,1
REC Ltd.,FINANCE,FINANCIAL SERVICES,2013,-20347.46,13537.37,3817.62,-206.06,19.35,8.25,88.33,0.01,0,0,0,2179.25,19823.24,100.38,Positive,A1+,0,1
REC Ltd.,FINANCE,FINANCIAL SERVICES,2012,-15925.92,10423.75,2817.03,-161.28,14.28,7.5,73.67,0.01,0,0,0,3787.58,18939.46,95.9,Negative,AAA,0,0
REC Ltd.,FINANCE,FINANCIAL SERVICES,2011,-12625,8256.91,2569.93,-127.85,13.03,7.5,64.66,0.01,0,0,77.58,3587.52,19344.32,97.95,Strong Negative,CARE AAA,0,1
REC Ltd.,FINANCE,FINANCIAL SERVICES,2010,-12688.46,6549.76,2001.42,-128.5,10.15,6.5,56.11,0.01,0,0,125.96,3788.74,30073.06,152.28,Strong Positive,AAA/Stable,0,1
REC Ltd.,FINANCE,FINANCIAL SERVICES,2009,-10160.6,4757.17,1272.08,-118.33,7.42,4.5,36.05,0.02,0,0,222.03,836.7,14034.8,81.72,,F1+,0,1
Reliance Capital Ltd.,FINANCE,FINANCIAL SERVICES,2019,-5650,2312,157,-224.21,8.33,0,351.59,0.09,0.55,0,0,42724.43,1670.41,66.1,Strong Negative,CARE A+,0,1
Reliance Capital Ltd.,FINANCE,FINANCIAL SERVICES,2018,-7093,2583,-5760,-281.47,-227.7,11,365,0.1,0.57,0,0,3943.64,9798.62,387.75,Strong Negative,CARE AA+,0,0
Reliance Capital Ltd.,FINANCE,FINANCIAL SERVICES,2017,-1116,1954,419,-44.29,17.7,10.5,539.6,0.16,0,0,8.69,2273.82,16259.45,643.6,Strong Positive,ICRA A1+,0,0
Reliance Capital Ltd.,FINANCE,FINANCIAL SERVICES,2016,-917,4108,977,-36.39,40.24,10,522.54,0.09,0,0,13.72,11809.23,10099,399.75,Positive,CARE AAA,0,1
Reliance Capital Ltd.,FINANCE,FINANCIAL SERVICES,2015,-1966,3970,757,-78.02,31.27,9,493.97,0.09,0,0,16.48,2258.04,9161.73,362.65,Strong Negative,CARE AAA,0,1
Reliance Capital Ltd.,FINANCE,FINANCIAL SERVICES,2014,798,3182,409,32.84,18.23,8.5,473.58,0.09,0.57,0,6.78,3896.79,16125.79,656.5,Strong Positive,CARE AAA,0,0
Reliance Capital Ltd.,FINANCE,FINANCIAL SERVICES,2013,-770,3838,662,-31.43,28.2,13,464.73,0.07,0,0,5.37,3371.53,8274.14,336.85,Negative,A1+,0,1
Reliance Capital Ltd.,FINANCE,FINANCIAL SERVICES,2012,-1829,3275,519,-74.65,22.24,7.5,447.06,0.06,11.7,0,6.46,3635.08,8804.71,358.45,Negative,A1+,0,1
Reliance Capital Ltd.,FINANCE,FINANCIAL SERVICES,2011,1519,1848,229,62,9.92,6.5,286.82,0.1,14.83,0,2.6,1327.19,14208.63,578.45,Negative,CARE AAA,0,0
Reliance Capital Ltd.,FINANCE,FINANCIAL SERVICES,2010,1056.66,2375.05,339.42,43.02,14.56,6.5,280.31,0.12,10.27,0,24.5,1831.16,18735.64,762.75,Negative,F1+,0,0
Reliance Capital Ltd.,FINANCE,FINANCIAL SERVICES,2009,3564.02,2977.83,968.02,145.1,40.27,6.5,272.64,0.12,11.38,0.08,27.01,5057.3,22097.13,899.6,,F1+,0,0
Shriram City Union Finance Ltd.,FINANCE,FINANCIAL SERVICES,2019,-976.43,5781.75,988.88,-147.96,154.57,22,968.41,0.05,0,0,18.97,312.99,10690.78,1619.95,Negative,IND AA,0,1
Shriram City Union Finance Ltd.,FINANCE,FINANCIAL SERVICES,2018,-4434.95,5156.73,710.94,-672.31,112.82,18,841.88,0.06,0,0,13.22,1.53,13353.03,2024.15,Strong Negative,CARE AA+,0,1
Shriram City Union Finance Ltd.,FINANCE,FINANCIAL SERVICES,2017,-4092.29,4431.62,556.06,-620.58,89.57,15,762.29,0.06,0,0,2.08,3.33,15720.66,2383.9,Strong Positive,CARE A1+,0,0
Shriram City Union Finance Ltd.,FINANCE,FINANCIAL SERVICES,2016,-1793.53,3834.87,529.78,-272.05,85.96,15,684.03,0.06,0,0,0,26.23,10879.72,1650.25,Strong Negative,AA,0,0
Shriram City Union Finance Ltd.,FINANCE,FINANCIAL SERVICES,2015,-1306.34,3482.24,558.06,-198.21,91.15,15,621.9,0.06,0,0,0,10.59,11548.17,1752.2,Strong Positive,CARE A1+,0,0
Shriram City Union Finance Ltd.,FINANCE,FINANCIAL SERVICES,2014,-354.13,3191.33,521.14,-59.73,92.89,10,488.3,0.05,0,0,0,2.91,9658.62,1466.4,Positive,CARE AA,0,0
Shriram City Union Finance Ltd.,FINANCE,FINANCIAL SERVICES,2013,-1792.77,3071.47,449.62,-323.51,85.54,8.5,397.88,0.04,0,0,0,5.23,5590.05,1008.7,Positive,CARE AA,0,1
Shriram City Union Finance Ltd.,FINANCE,FINANCIAL SERVICES,2012,-3027.63,2037.48,342.53,-578.15,68.03,6.5,313.52,0.03,0,0,0,2.87,3301.98,630.05,Strong Positive,CARE AA,0,1
Shriram City Union Finance Ltd.,FINANCE,FINANCIAL SERVICES,2011,-1745.54,1320.54,240.59,-352.37,50.08,6,240.87,0.03,0,0,16.79,3.12,2685.85,540.05,Positive,CARE A1+,0,1
Shriram City Union Finance Ltd.,FINANCE,FINANCIAL SERVICES,2010,-797.09,1072.05,194.26,-162.16,40.47,5,198.8,0.05,0,0,67.32,0.01,2307.35,468.95,Positive,AA-/Stable,0,1
Shriram City Union Finance Ltd.,FINANCE,FINANCIAL SERVICES,2009,-833.78,923.58,117.01,-181.82,30.32,4,145.31,0.08,0.33,0,95.73,0.1,1605.92,350.15,,CARE AA-,0,0
Shriram Transport Finance Company Ltd.,FINANCE,FINANCIAL SERVICES,2019,-8155.7,15522.44,2563.99,-359.47,114.9,12,697.99,0.01,0.26,0,57.3,1831.15,24513.55,1080.45,Strong Negative,CARE AA+,0,0
Shriram Transport Finance Company Ltd.,FINANCE,FINANCIAL SERVICES,2018,-15232.37,13304.39,2460.54,-671.38,110.04,11,598.35,0.02,0.38,0,57.69,1508.48,29482.28,1299.45,Positive,CARE AA+,0,1
Shriram Transport Finance Company Ltd.,FINANCE,FINANCIAL SERVICES,2017,-5171.44,10828.75,1257.34,-227.93,56.91,10,498.02,0.02,0,0,331.72,629.88,22683.74,999.8,Strong Negative,A1+,0,0
Shriram Transport Finance Company Ltd.,FINANCE,FINANCIAL SERVICES,2016,-10111.84,10289.78,1178.2,-445.69,53.53,10,447.1,0.02,0,0,574.36,2782.51,27314.41,1203.9,Positive,AA+,0,0
Shriram Transport Finance Company Ltd.,FINANCE,FINANCIAL SERVICES,2015,-11283.96,8636.95,1237.81,-497.35,56.34,10,406.18,0.03,0,0,466.67,863.35,19363.31,853.45,Negative,AA,0,0
Shriram Transport Finance Company Ltd.,FINANCE,FINANCIAL SERVICES,2014,-4994.16,7880.1,1264.21,-220.12,57.01,7,364.65,0.02,0,0,342.89,277,20534.02,905.05,Positive,CARE AA+,0,0
Shriram Transport Finance Company Ltd.,FINANCE,FINANCIAL SERVICES,2013,-7841.37,6558.13,1360.62,-345.64,60.78,7,317.12,0.02,0,0,379.15,432.35,16072.18,708.45,Positive,CARE AA+,0,0
Shriram Transport Finance Company Ltd.,FINANCE,FINANCIAL SERVICES,2012,-1596.51,5889.17,1257.45,-70.55,56.16,6.5,264.69,0.02,0,0,292.67,140.96,11993.93,530,Negative,CARE AA+,0,0
Shriram Transport Finance Company Ltd.,FINANCE,FINANCIAL SERVICES,2011,-2520.82,5372.4,1229.88,-111.46,54.86,6.5,216.7,0.02,0,0,216.03,873.14,13947.64,616.65,Positive,AA/Stable,0,1
Shriram Transport Finance Company Ltd.,FINANCE,FINANCIAL SERVICES,2010,531.79,4399.06,873.12,23.58,39.38,6,168.4,0.04,0,0,219.24,206.38,12998.85,576.4,Strong Positive,A1+,0,1
Shriram Transport Finance Company Ltd.,FINANCE,FINANCIAL SERVICES,2009,-1831.44,3659.19,612.4,-89.99,32.08,5,111.59,0.06,0.32,0.1,127.78,155.95,6385.51,301.85,,AA,0,1
State Bank Of India,BANKS,FINANCIAL SERVICES,2019,-21482.05,242868.65,862.23,-24.07,4.57,0,219.91,0,0,0,0,22708.46,322401.59,361.25,Strong Positive,ICRA AA+(hyb),0,1
State Bank Of India,BANKS,FINANCIAL SERVICES,2018,-148142.7,220499.32,-6547.45,-165.99,-4.07,0,217.69,0,0,0,0,16244.72,231459.18,259.35,Strong Negative,CRISIL AA+,0,0
State Bank Of India,BANKS,FINANCIAL SERVICES,2017,-33945.34,175518.24,10484.1,-42.57,16.02,2.6,196.53,0,0,0,0,12235.47,236216.06,273.65,Positive,AAA,0,0
State Bank Of India,BANKS,FINANCIAL SERVICES,2016,-20970.95,163998.3,9950.65,-27.01,15.01,2.6,185.85,0,0,0,0,30600.99,169849.56,218.8,Negative,CARE AAA,0,0
State Bank Of India,BANKS,FINANCIAL SERVICES,2015,-234.63,152397.07,13101.57,-0.31,19.04,3.5,172.04,0,0,0,0,14181.97,198802.11,262.75,Negative,AAA,0,1
State Bank Of India,BANKS,FINANCIAL SERVICES,2014,-1737.62,136350.8,10891.17,-23.27,16.37,3,158.43,0,0,0,0,1514.05,200548.2,268.63,Strong Positive,AAA,1,0
State Bank Of India,BANKS,FINANCIAL SERVICES,2013,1065.12,119655.1,14104.98,15.57,22.29,4.15,144.56,0,0,0,0,1566.04,133646.56,195.38,Strong Negative,CARE AAA,0,0
State Bank Of India,BANKS,FINANCIAL SERVICES,2012,-45125.18,106521.45,11707.29,-672.46,18.95,3.5,125.11,0,0,0,0,2587.27,144878.58,215.9,Negative,CARE AAA,0,1
State Bank Of India,BANKS,FINANCIAL SERVICES,2011,21195.4,81394.36,8264.52,333.79,14.57,3,102.34,0,0,0,0,2786.59,152695.03,240.47,Strong Positive,AAA/Stable,0,0
State Bank Of India,BANKS,FINANCIAL SERVICES,2010,-15417.14,70993.92,9166.05,-242.83,15.9,3,103.88,0,0,0,0,1061.04,146150.18,230.2,Strong Positive,AAA,0,0
State Bank Of India,BANKS,FINANCIAL SERVICES,2009,22772.07,63788.43,9121.23,358.68,15.53,2.9,91.27,0,0,0,0,2320.44,110805.65,174.53,,AAA,0,1
Sundaram Finance Ltd.,FINANCE,FINANCIAL SERVICES,2019,-4133.62,3397.61,1126.31,-372.05,106.23,17.5,453.71,0.09,2.01,0,64.58,19.81,18576.01,1671.95,Positive,IND AA+,0,1
Sundaram Finance Ltd.,FINANCE,FINANCIAL SERVICES,2018,-6453.88,2806.27,563.44,-580.89,56.44,12,371.84,0.16,2.59,0,62.74,171.64,17774.4,1599.8,Positive,CRISIL AAA,0,0
Sundaram Finance Ltd.,FINANCE,FINANCIAL SERVICES,2017,-976.64,2324.78,495.35,-87.9,51.97,11.5,336.98,0.26,0,0,84.89,50.23,17866.06,1608.05,Positive,AA+,0,0
Sundaram Finance Ltd.,FINANCE,FINANCIAL SERVICES,2016,285.51,2312.39,477.28,25.7,50.54,11,297.99,0.27,0,0,66.29,181.86,16931.12,1523.9,Negative,AA+,0,0
Sundaram Finance Ltd.,FINANCE,FINANCIAL SERVICES,2015,-1060.49,2253.84,454.14,-95.45,49.09,10.5,267.93,0.29,0,0,44.48,13.92,17547.74,1579.4,Strong Positive,AA+,0,0
Sundaram Finance Ltd.,FINANCE,FINANCIAL SERVICES,2014,40.83,2215.48,442.51,3.68,48.13,10,216.38,0.3,0,0,42.06,11.81,10345.99,931.2,Strong Positive,AA+,0,0
Sundaram Finance Ltd.,FINANCE,FINANCIAL SERVICES,2013,-871.12,2063.02,410.11,-78.41,44.25,9,187.74,0.29,0,0,54.27,66.06,5941.83,534.8,Positive,AA+,0,0
Sundaram Finance Ltd.,FINANCE,FINANCIAL SERVICES,2012,-1335.02,1698.71,355.45,-240.32,38.03,15.5,160.92,0.3,0,0,67.94,4.8,3607.26,324.68,Positive,AA+,0,0
Sundaram Finance Ltd.,FINANCE,FINANCIAL SERVICES,2011,-1317.83,1370.17,295.23,-237.22,31.49,14,137.65,0.34,0,0,297.93,10.92,3014.25,271.3,Strong Positive,AA+,0,1
Sundaram Finance Ltd.,FINANCE,FINANCIAL SERVICES,2010,-2255.85,1229.54,226.75,-406.08,24.44,10,118.46,0.4,0.14,0,561.1,21.65,2525.95,227.35,Strong Positive,AA+/Stable,0,1
Sundaram Finance Ltd.,FINANCE,FINANCIAL SERVICES,2009,-107.57,1082.78,150.73,-19.36,16.97,6.5,103.75,0.46,1.85,0,634.93,6.22,1571.84,141.47,,AA+,0,0
Tata Investment Corporation Ltd.,FINANCE,FINANCIAL SERVICES,2019,150.01,182.11,147.65,29.65,29.2,20,1545.64,0.01,14.13,0,165.57,16.4,4495.39,888.5,Positive,CRISIL AAA,0,1
Tata Investment Corporation Ltd.,FINANCE,FINANCIAL SERVICES,2018,123.15,160.87,126.64,22.35,23.01,20,1485.04,0.01,16.04,0,248.45,18.86,4491.64,815.25,Strong Positive,CRISIL AAA,0,0
Tata Investment Corporation Ltd.,FINANCE,FINANCIAL SERVICES,2017,203.12,271.27,202.38,36.87,36.75,18,443.71,0.01,0.08,0,228.82,103.34,4077.88,740.15,Strong Positive,CRISIL AAA,0,0
Tata Investment Corporation Ltd.,FINANCE,FINANCIAL SERVICES,2016,204.05,252.79,202.61,37.04,36.79,17,405.84,0.01,0.39,0,159.85,11.06,2833.55,514.3,Strong Negative,AAA,0,0
Tata Investment Corporation Ltd.,FINANCE,FINANCIAL SERVICES,2015,193.05,233.6,186.51,35.04,33.85,17,390.13,0.01,1.76,0,201.48,9.68,3243.18,588.65,Positive,AAA,0,0
Tata Investment Corporation Ltd.,FINANCE,FINANCIAL SERVICES,2014,176.65,223.35,178.68,32.06,32.45,17,374.91,0.01,1.45,0,298.84,254.36,3194.7,579.85,Strong Positive,AAA,0,0
Tata Investment Corporation Ltd.,FINANCE,FINANCIAL SERVICES,2013,165.19,206.8,167.14,29.98,30.39,16,359,0.01,0.01,0,220.62,3.05,2291.69,415.95,Strong Negative,AAA,0,0
Tata Investment Corporation Ltd.,FINANCE,FINANCIAL SERVICES,2012,151.96,202.7,161.59,27.58,29.4,21,348.66,0.01,5.89,0,186.05,21.09,2586.45,469.45,Negative,AAA,0,0
Tata Investment Corporation Ltd.,FINANCE,FINANCIAL SERVICES,2011,194.74,245.47,198.59,40.37,41.36,16,339.92,0.01,9.72,0,197.84,3.5,2723.64,494.35,Strong Positive,AAA,0,0
Tata Investment Corporation Ltd.,FINANCE,FINANCIAL SERVICES,2010,189.03,229.85,193.92,39.19,40.23,15,317.14,0.01,0,0,239.96,2.89,2286.44,474,Strong Positive,AAA/Stable,0,0
Tata Investment Corporation Ltd.,FINANCE,FINANCIAL SERVICES,2009,198.12,212.37,186.29,57.49,54.08,15,274.31,0.01,6.16,0,222.09,2.11,1313.29,381.1,,FAAA,0,0
The Federal Bank Ltd.,BANKS,FINANCIAL SERVICES,2019,7178.05,11419.02,1243.89,36.16,6.87,1.4,66.84,0,0,0,0,9031.32,21528.06,108.4,Strong Positive,IND AA,0,1
The Federal Bank Ltd.,BANKS,FINANCIAL SERVICES,2018,-5578.04,9752.86,878.85,-28.28,5.08,1,61.89,0,0,0,0,8810.56,16186.86,81.85,Strong Negative,CARE AA,0,0
The Federal Bank Ltd.,BANKS,FINANCIAL SERVICES,2017,2922.82,8677.38,830.79,16.95,5.53,0.9,51.84,0,0,0,0,4641.55,21918.73,112.85,Strong Positive,Withdrawn,0,1
The Federal Bank Ltd.,BANKS,FINANCIAL SERVICES,2016,-2625.62,7744.69,475.65,-15.27,3.38,0.7,47.04,0,0,0,0,28708.74,9903.6,57.6,Negative,A1+,0,0
The Federal Bank Ltd.,BANKS,FINANCIAL SERVICES,2015,4992.86,7419.47,1005.75,58.28,6.31,2.2,45.14,0,0,0,0,4531.32,12680.43,73.9,Strong Positive,AA-,0,1
The Federal Bank Ltd.,BANKS,FINANCIAL SERVICES,2014,1075,6946.08,838.89,12.57,5.45,2,40.6,0,0,0,0,6649.4,11436.03,66.85,Strong Positive,CARE AA,0,0
The Federal Bank Ltd.,BANKS,FINANCIAL SERVICES,2013,2621.31,6167.57,838.17,153.24,5.36,1.8,37.18,0,0,0,0,193.65,7000.59,40.92,Negative,CARE AA,1,0
The Federal Bank Ltd.,BANKS,FINANCIAL SERVICES,2012,-1014.92,5558.39,776.8,-59.34,4.87,1.8,33.33,0,0,0,0,59.27,7672.34,44.85,Negative,None,0,1
The Federal Bank Ltd.,BANKS,FINANCIAL SERVICES,2011,807.51,4052.03,587.08,47.21,3.75,1.7,29.83,0,0,0,0,280.24,7742.47,45.27,Strong Positive,CARE AA,0,1
The Federal Bank Ltd.,BANKS,FINANCIAL SERVICES,2010,-997.46,3673.24,464.55,-58.32,3.01,1,27.39,0,0,0,0,373.1,5423.21,31.73,Positive,CARE AA,0,0
The Federal Bank Ltd.,BANKS,FINANCIAL SERVICES,2009,382.4,3315.38,500.49,22.36,3.18,1,25.26,0,0,0,0,340.17,4291.51,25.11,,BB-/Stable,0,1
The Jammu & Kashmir Bank Ltd.,BANKS,FINANCIAL SERVICES,2019,-4608.23,7675.56,464.88,-82.75,10.22,0,108.11,0,0,0,0,1147.02,2241.36,40.25,Negative,CARE AA-,0,1
The Jammu & Kashmir Bank Ltd.,BANKS,FINANCIAL SERVICES,2018,1085.35,6621.4,202.72,19.49,5.37,0,99.51,0,0,0,0,345.53,2817.7,50.6,Strong Negative,CARE AA-,0,1
The Jammu & Kashmir Bank Ltd.,BANKS,FINANCIAL SERVICES,2017,-1320.81,6685.8,-1632.29,-25.34,-29.68,0,96.71,0,0,0,0,476.85,4741.65,85.15,Strong Positive,CARE AA-,0,0
The Jammu & Kashmir Bank Ltd.,BANKS,FINANCIAL SERVICES,2016,-1267.31,6843.57,416.03,-26.14,9.9,1.75,132.51,0,0,0,0,1074.63,3340.12,68.9,Negative,CARE AA-,0,0
The Jammu & Kashmir Bank Ltd.,BANKS,FINANCIAL SERVICES,2015,-1162.25,7061.13,508.6,-23.97,12.44,2.1,126.04,0,0,0,0,425.24,4876.87,100.6,Strong Negative,AA,0,1
The Jammu & Kashmir Bank Ltd.,BANKS,FINANCIAL SERVICES,2014,-1003.81,6767,1182.47,-20.71,2.6,5,11.81,0,0,0,0,77.43,7572.48,156.21,Strong Positive,AA,1,0
The Jammu & Kashmir Bank Ltd.,BANKS,FINANCIAL SERVICES,2013,922.33,6136.8,1055.1,190.26,22.79,5,100.35,0,0,0,0,54.62,5944.59,122.63,Strong Positive,FAA+,0,1
The Jammu & Kashmir Bank Ltd.,BANKS,FINANCIAL SERVICES,2012,887.18,4835.58,803.25,183.01,17.48,3.35,84.43,0,0,0,0,44.19,4791.06,98.83,Strong Positive,CARE AA,0,1
The Jammu & Kashmir Bank Ltd.,BANKS,FINANCIAL SERVICES,2011,-1156.29,3713.13,615.2,-238.52,13.47,2.6,71.76,0,0,0,0,29.49,4072.86,84.02,Positive,CARE AA,0,1
The Jammu & Kashmir Bank Ltd.,BANKS,FINANCIAL SERVICES,2010,-1331.27,3056.88,512.38,-274.61,11.33,2.2,62.1,0,0,0,0,10.59,4036.02,83.25,Strong Positive,CARE AA,0,1
The Jammu & Kashmir Bank Ltd.,BANKS,FINANCIAL SERVICES,2009,962.51,2971.7,409.84,198.55,9.12,1.69,54.1,0,0,0,0,31.79,2422.19,49.97,,AA-,0,0
The Karnataka Bank Ltd.,BANKS,FINANCIAL SERVICES,2019,-3126.93,5905.96,477.24,-110.65,17.09,3.5,172.84,0,0,0,0,1190.74,2936.3,94.45,Negative,CARE A,0,1
The Karnataka Bank Ltd.,BANKS,FINANCIAL SERVICES,2018,-337.6,5423.75,325.61,-11.95,12.08,3,160.64,0,0,0,0,2609.41,3100.21,99.73,Strong Negative,A,0,0
The Karnataka Bank Ltd.,BANKS,FINANCIAL SERVICES,2017,-555.37,5185.4,452.26,-19.65,16.15,4,151.8,0,0,0,0,1569.38,4606.5,148.18,Positive,A,0,0
The Karnataka Bank Ltd.,BANKS,FINANCIAL SERVICES,2016,289.13,4992.21,415.29,15.34,17.98,5,144.9,0,0,0,0,2563.74,2653.46,104.26,Negative,CARE A,0,0
The Karnataka Bank Ltd.,BANKS,FINANCIAL SERVICES,2015,540.83,4698.42,451.45,28.7,17.18,5,133.05,0,0,0,0,1598.31,2728.75,107.22,Strong Positive,A,0,1
The Karnataka Bank Ltd.,BANKS,FINANCIAL SERVICES,2014,-26.14,4188.83,311.03,-1.39,13.23,4,119.82,0,0,0,0,2791.98,2639.75,103.74,Positive,CARE A,0,0
The Karnataka Bank Ltd.,BANKS,FINANCIAL SERVICES,2013,0.23,3764.29,348.08,0.01,14.63,4,112.17,0,0,0,0,4946.1,2110.51,82.97,Positive,A,0,1
The Karnataka Bank Ltd.,BANKS,FINANCIAL SERVICES,2012,-319.04,3101,246.07,-16.94,10.54,3.5,102,0,0,0,0,880.91,1762.38,69.31,Negative,CARE A+,0,1
The Karnataka Bank Ltd.,BANKS,FINANCIAL SERVICES,2011,-641.55,2370.85,204.61,-34.09,8.96,3,95.37,0,0,0,0,3280.4,2460.79,96.82,Negative,None,0,0
The Karnataka Bank Ltd.,BANKS,FINANCIAL SERVICES,2010,149.7,1975.97,167.12,11.17,9.65,4,92.96,0,0,0,0,1328.88,2379.58,121.43,Strong Positive,CARE A+,0,0
The Karnataka Bank Ltd.,BANKS,FINANCIAL SERVICES,2009,-155.85,1948.76,266.71,-12.82,16.09,6,87.53,0,0,0,0,212.04,1702.05,95.75,,CARE A+,0,0
The Lakshmi Vilas Bank Ltd.,BANKS,FINANCIAL SERVICES,2019,-1161.36,2839.89,-894.1,-36.3,-25.85,0,53.26,0,0,0,0,995.39,2089.04,65.3,Strong Negative,CARE BBB,0,0
The Lakshmi Vilas Bank Ltd.,BANKS,FINANCIAL SERVICES,2018,-1107.45,3041.62,-584.87,-43.26,-20.55,0,84.15,0,0,0,0,588.28,2656.56,103.75,Strong Negative,CARE BBB+,0,0
The Lakshmi Vilas Bank Ltd.,BANKS,FINANCIAL SERVICES,2017,-66.27,2846.66,256.07,-3.46,14.74,0,95.13,0,0,0,0,2793.78,3826.54,185.16,Strong Positive,CARE A-,0,1
The Lakshmi Vilas Bank Ltd.,BANKS,FINANCIAL SERVICES,2016,-127.21,2568.3,180.24,-7.09,11.27,3,82.32,0,0,0,0,797.87,1775.77,91.84,Positive,CARE A-,0,1
The Lakshmi Vilas Bank Ltd.,BANKS,FINANCIAL SERVICES,2015,-589.89,2214.53,132.29,-32.92,7.66,2,76.54,0,0,0,0,293.7,1648.4,85.34,Positive,CARE A-,0,1
The Lakshmi Vilas Bank Ltd.,BANKS,FINANCIAL SERVICES,2014,247.27,1983.95,59.66,25.35,5.93,1,69.61,0,0,0,0,649.78,1085.36,77.33,Strong Positive,CARE BBB+,0,0
The Lakshmi Vilas Bank Ltd.,BANKS,FINANCIAL SERVICES,2013,-52.09,1760.55,91.57,-5.34,8.34,3,66.73,0,0,0,0,75.21,688.64,49.07,Strong Negative,CARE BBB+,0,0
The Lakshmi Vilas Bank Ltd.,BANKS,FINANCIAL SERVICES,2012,-447.52,1519.26,107.02,-45.89,9.31,3.5,62.65,0,0,0,0,27.02,801.17,57.1,Negative,CARE A-,0,0
The Lakshmi Vilas Bank Ltd.,BANKS,FINANCIAL SERVICES,2011,78.3,1064.84,101.14,8.03,8.65,2.5,57.84,0,0,0,0,202.88,1170.8,83.44,Strong Positive,CARE A-,0,1
The Lakshmi Vilas Bank Ltd.,BANKS,FINANCIAL SERVICES,2010,-438.58,909.32,30.67,-44.98,3.42,0.6,52.67,0,0,0,0,1022.72,888.79,63.36,Strong Positive,BWR A,0,0
The Lakshmi Vilas Bank Ltd.,BANKS,FINANCIAL SERVICES,2009,244.35,657.61,50.3,50.1,6.53,2.5,47.05,0,0,0,0,52.53,387.55,40.21,,None,0,1
The South Indian Bank Ltd.,BANKS,FINANCIAL SERVICES,2019,560.64,6876.52,247.53,3.1,1.75,0.25,28.16,0,0,0,0,7381.18,2352.59,13,Strong Negative,CARE A+,0,0
The South Indian Bank Ltd.,BANKS,FINANCIAL SERVICES,2018,-439.67,6192.81,334.89,-2.43,2.2,0.4,27.65,0,0,0,0,7263.61,4035.18,22.3,Strong Negative,CARE A1+,0,0
The South Indian Bank Ltd.,BANKS,FINANCIAL SERVICES,2017,1243.46,5847.08,392.5,6.9,2.54,0.4,25.52,0,0,0,0,7860.42,5004.49,27.75,Positive,CARE A+,0,0
The South Indian Bank Ltd.,BANKS,FINANCIAL SERVICES,2016,-330.53,5557.2,333.27,-2.45,2.68,0.5,24.85,0,0,0,0,14319.32,2639.87,17.7,Negative,A+,0,0
The South Indian Bank Ltd.,BANKS,FINANCIAL SERVICES,2015,252.39,5286.22,307.2,1.87,2.05,0.6,23.13,0,0,0,0,2126.37,3193.15,21.41,Strong Negative,A+,0,0
The South Indian Bank Ltd.,BANKS,FINANCIAL SERVICES,2014,672.06,5015.06,507.5,5,3.72,0.8,21.79,0,0,0,0,18361.84,4253.53,28.6,Strong Positive,A1+,0,0
The South Indian Bank Ltd.,BANKS,FINANCIAL SERVICES,2013,2398.82,4434.29,502.27,17.92,3.67,0.7,19.37,0,0,0,0,2297.89,3069.35,20.73,Negative,A1+,0,0
The South Indian Bank Ltd.,BANKS,FINANCIAL SERVICES,2012,1690.12,3583.43,401.66,14.91,3.45,0.6,16.14,0,0,0,0,1915.77,2735.23,21.82,Positive,CARE A+,0,1
The South Indian Bank Ltd.,BANKS,FINANCIAL SERVICES,2011,1948.22,2446.02,292.56,17.24,2.53,0.5,13.56,0,0,0,0,1631.98,2712.16,21.73,Positive,CARE A1+,0,1
The South Indian Bank Ltd.,BANKS,FINANCIAL SERVICES,2010,-208.02,1935.72,233.76,-18.41,2.01,0.4,11.74,0,0,0,0,159.79,1875.34,15.02,Positive,CARE A1+,1,1
The South Indian Bank Ltd.,BANKS,FINANCIAL SERVICES,2009,263.76,1686.92,194.75,23.34,1.67,0.3,10.29,0,0,0,0,232.27,1028.92,8.24,,None,0,1
UCO Bank,BANKS,FINANCIAL SERVICES,2019,-1059.92,14330.63,-4321.08,-1.95,-7.72,0,21.1,0,0,0,0,3662.17,13509.63,18.35,Negative,IND AA-,0,1
UCO Bank,BANKS,FINANCIAL SERVICES,2018,-15354.5,14020.13,-4436.37,-66.52,-18.56,0,32.38,0,0,0,0,499.97,7277.46,18.4,Strong Negative,CARE A+,0,0
UCO Bank,BANKS,FINANCIAL SERVICES,2017,-9446.2,16325.8,-1850.67,-60.56,-10.88,0,59.49,0,0,0,0,459.5,5201.69,33.35,Strong Negative,IND AA-,0,1
UCO Bank,BANKS,FINANCIAL SERVICES,2016,-9624.15,18560.97,-2799.26,-89.48,-24.76,0,85.73,0,0,0,0,6762.61,5633.57,43.3,Negative,CARE AA,0,0
UCO Bank,BANKS,FINANCIAL SERVICES,2015,3950.68,19358.99,1137.8,36.73,11.84,2,111,0,0,0,0,2021.89,5706.01,53.05,Strong Negative,AA,0,0
UCO Bank,BANKS,FINANCIAL SERVICES,2014,-85.79,18229.92,1510.54,-0.85,15.97,3,104.85,0,0,0,0,5467.56,10649.37,104.95,Positive,AA+,0,1
UCO Bank,BANKS,FINANCIAL SERVICES,2013,-4944.48,16751.71,618.2,-65.7,9.37,1.6,97.19,0,0,0,0,3973.62,4647.48,61.75,Strong Negative,AA,0,0
UCO Bank,BANKS,FINANCIAL SERVICES,2012,-4803.86,14632.37,1108.67,-72.27,17.85,3,94.72,0,0,0,0,3205.57,5294.43,79.65,Negative,CARE AA,0,0
UCO Bank,BANKS,FINANCIAL SERVICES,2011,5953.47,11370.8,906.54,94.87,15.73,3,82,0,0,0,0,2194.64,6008.48,95.75,Positive,A1+,0,0
UCO Bank,BANKS,FINANCIAL SERVICES,2010,-4862.53,9526.32,1012.19,-88.51,19.78,1.5,65.74,0,0,0,0,1488.89,4254.79,77.45,Positive,AA,0,1
UCO Bank,BANKS,FINANCIAL SERVICES,2009,1622.25,8121.38,557.72,29.53,11.67,1,50.88,0,0,0,0,1647.28,2200.19,40.05,,None,0,1
Union Bank Of India,BANKS,FINANCIAL SERVICES,2019,-18061.55,34066.66,-2947.45,-102.45,-14.63,0,137.56,0,0,0,0,28937.24,14289.25,81.05,Negative,CARE AA+,0,1
Union Bank Of India,BANKS,FINANCIAL SERVICES,2018,-5775.87,32748,-5247.37,-49.43,-41.8,0,194.72,0,0,0,0,7571.5,9576.46,81.95,Strong Negative,ICRA A1+,0,0
Union Bank Of India,BANKS,FINANCIAL SERVICES,2017,-12250.78,32659.98,555.21,-178.21,11.51,0,305.17,0,0,0,0,2159.35,10132.88,147.4,Positive,AA+,0,0
Union Bank Of India,BANKS,FINANCIAL SERVICES,2016,2903.62,32198.8,1351.6,42.24,23.21,1.95,295.44,0,0,0,0,2791.67,8819.87,128.3,Negative,CARE AAA,0,0
Union Bank Of India,BANKS,FINANCIAL SERVICES,2015,-7795.62,32083.96,1781.64,-122.62,31.5,6,288.4,0,0,0,0,3214.56,9387.27,147.65,Strong Negative,CARE AA,0,0
Union Bank Of India,BANKS,FINANCIAL SERVICES,2014,-1051.49,29349.39,1696.2,-16.68,29.99,4,268.2,0,0,0,0,6482.12,15180.93,240.85,Strong Positive,CARE AAA,0,0
Union Bank Of India,BANKS,FINANCIAL SERVICES,2013,-6993.5,25124.7,2157.93,-117.18,38.69,8,262.9,0,0,0,0,1856.7,11121.26,186.35,Negative,CARE AAA,0,0
Union Bank Of India,BANKS,FINANCIAL SERVICES,2012,-4264.2,21028.45,1787.14,-77.45,35.12,8,235.91,0,0,0,0,908.51,11511.98,209.1,Negative,AAA,0,0
Union Bank Of India,BANKS,FINANCIAL SERVICES,2011,3828.32,16452.62,2081.95,73.01,42.68,8,211.31,0,0,0,0,1088.83,15357.7,292.9,Negative,AA,0,0
Union Bank Of India,BANKS,FINANCIAL SERVICES,2010,-983.86,13302.68,2074.92,-19.48,44.25,5.5,174.37,0,0,0,0,336.56,15711.69,311.05,Strong Positive,AAA,0,1
Union Bank Of India,BANKS,FINANCIAL SERVICES,2009,4979.18,11889.38,1726.55,98.57,36.89,5,139.66,0,0,0,0,2044.68,12228.9,242.1,,AAA,0,1
